{
  "ALL": [
    [
      82.5,
      2.5
    ],
    [
      82.5,
      2.5
    ],
    [
      85.36585365853658,
      2.4390243902439024
    ],
    [
      85.36585365853658,
      2.4390243902439024
    ],
    [
      92.5,
      2.5
    ],
    [
      92.5,
      2.5
    ],
    [
      90.2439024390244,
      2.4390243902439024
    ],
    [
      90.2439024390244,
      2.4390243902439024
    ],
    [
      85.0,
      2.5
    ],
    [
      85.0,
      2.5
    ],
    [
      77.5,
      2.5
    ],
    [
      77.5,
      2.5
    ],
    [
      97.5,
      2.5
    ],
    [
      97.5,
      2.5
    ],
    [
      92.5,
      2.5
    ],
    [
      92.5,
      2.5
    ]
  ],
  "TIMEOUT": [
    [
      82.5,
      2.5
    ],
    [
      85.36585365853658,
      2.4390243902439024
    ],
    [
      92.5,
      2.5
    ],
    [
      90.2439024390244,
      2.4390243902439024
    ],
    [
      85.0,
      2.5
    ],
    [
      77.5,
      2.5
    ],
    [
      97.5,
      2.5
    ],
    [
      92.5,
      2.5
    ]
  ]
}