{
  "ALL": [
    [
      23.076923076923077,
      2.5641025641025643
    ],
    [
      23.076923076923077,
      2.5641025641025643
    ],
    [
      25.0,
      2.5
    ],
    [
      25.0,
      2.5
    ],
    [
      25.641025641025642,
      2.5641025641025643
    ],
    [
      25.641025641025642,
      2.5641025641025643
    ],
    [
      27.5,
      2.5
    ],
    [
      27.5,
      2.5
    ],
    [
      30.0,
      2.5
    ],
    [
      30.0,
      2.5
    ],
    [
      30.76923076923077,
      2.5641025641025643
    ],
    [
      30.76923076923077,
      2.5641025641025643
    ],
    [
      13.157894736842104,
      2.6315789473684212
    ],
    [
      13.157894736842104,
      2.6315789473684212
    ],
    [
      30.0,
      2.5
    ],
    [
      30.0,
      2.5
    ]
  ],
  "TIMEOUT": [
    [
      23.076923076923077,
      2.5641025641025643
    ],
    [
      25.0,
      2.5
    ],
    [
      25.641025641025642,
      2.5641025641025643
    ],
    [
      27.5,
      2.5
    ],
    [
      30.0,
      2.5
    ],
    [
      30.76923076923077,
      2.5641025641025643
    ],
    [
      13.157894736842104,
      2.6315789473684212
    ],
    [
      30.0,
      2.5
    ]
  ]
}