{
  "ALL": [
    [
      57.5,
      2.5
    ],
    [
      57.5,
      2.5
    ],
    [
      55.0,
      2.5
    ],
    [
      55.0,
      2.5
    ],
    [
      50.0,
      2.5
    ],
    [
      50.0,
      2.5
    ],
    [
      62.5,
      2.5
    ],
    [
      62.5,
      2.5
    ],
    [
      42.5,
      2.5
    ],
    [
      42.5,
      2.5
    ],
    [
      60.97560975609756,
      2.4390243902439024
    ],
    [
      60.97560975609756,
      2.4390243902439024
    ],
    [
      55.0,
      2.5
    ],
    [
      55.0,
      2.5
    ],
    [
      40.0,
      2.5
    ],
    [
      40.0,
      2.5
    ]
  ],
  "TIMEOUT": [
    [
      57.5,
      2.5
    ],
    [
      55.0,
      2.5
    ],
    [
      50.0,
      2.5
    ],
    [
      62.5,
      2.5
    ],
    [
      42.5,
      2.5
    ],
    [
      60.97560975609756,
      2.4390243902439024
    ],
    [
      55.0,
      2.5
    ],
    [
      40.0,
      2.5
    ]
  ]
}