{
  "all": [
    0.522673,
    0.549124,
    0.833638,
    2.810194,
    0.255641,
    0.468336,
    1.312148,
    0.566392,
    0.821939,
    0.388027,
    0.458466,
    0.503684,
    0.845084,
    0.449398,
    2.210202,
    1.256803,
    0.848017,
    0.718744,
    0.321259,
    0.866378,
    0.549212,
    2.239816,
    1.344388,
    1.273746,
    0.477669,
    0.567944,
    0.514425,
    0.838146,
    0.580528,
    1.635307,
    0.436847,
    0.721724,
    0.921593,
    0.519371,
    0.87826,
    0.558537,
    0.70729,
    1.466224,
    0.653613,
    0.663844,
    0.853506,
    0.72628,
    0.64316,
    1.027335,
    1.252204,
    0.941726,
    0.392656,
    0.566465,
    0.803031,
    1.09974,
    3.45127,
    0.671605,
    0.498535,
    0.974014,
    1.651767,
    8.283971,
    0.56706,
    1.522093,
    1.477317,
    0.909632,
    0.692575,
    1.007545,
    0.572556,
    1.251273,
    0.631304,
    0.545701,
    0.435236,
    1.158017,
    1.686314,
    2.885678,
    3.07773,
    0.758076,
    0.662324,
    2.897188,
    0.72407,
    0.402177,
    0.50991,
    0.748072,
    0.313981,
    0.3566,
    1.302154,
    0.988775,
    0.406929,
    0.828924,
    0.75076,
    0.277193,
    0.316846,
    0.349182,
    0.49242,
    1.24692,
    0.525791,
    0.429354,
    0.447923,
    0.769306,
    1.527773,
    0.952744,
    0.963184,
    0.481704,
    1.579005,
    3.556463,
    0.839385,
    0.720034,
    0.590167,
    0.589934,
    1.30312,
    0.521694,
    1.042921,
    0.775403,
    1.133555,
    0.817158,
    0.808043,
    0.746081,
    0.577946,
    0.911607,
    2.157223,
    1.607599,
    2.490748,
    2.114188,
    0.897645,
    0.994824,
    0.787782,
    0.366043,
    0.63616,
    0.864226,
    0.265277,
    0.771216,
    0.452771,
    0.924549,
    0.891098,
    0.538567,
    0.463447,
    0.423999,
    0.97239,
    0.425172,
    0.739843,
    0.281594,
    0.345037,
    0.767446,
    2.328278,
    3.194939,
    0.406794,
    0.836436,
    0.932936,
    0.450931,
    0.805087,
    0.387482,
    0.415066,
    0.312,
    0.723837,
    0.828593,
    0.750647
  ],
  "51200": [
    0.522673,
    0.549124,
    0.833638,
    2.810194,
    0.255641,
    0.468336,
    1.312148,
    0.566392,
    0.821939,
    0.388027,
    0.718744,
    0.321259,
    0.866378,
    0.549212,
    2.239816,
    1.344388,
    1.273746,
    0.477669,
    0.567944,
    0.514425,
    0.838146,
    0.580528,
    1.635307,
    0.436847,
    0.721724,
    0.558537,
    0.70729,
    1.466224,
    0.653613,
    0.663844,
    0.853506,
    0.72628,
    0.64316,
    1.027335,
    1.252204,
    0.941726,
    0.392656,
    0.566465,
    0.803031,
    8.283971,
    0.56706,
    1.522093,
    1.477317,
    0.909632,
    0.692575,
    1.007545,
    0.572556,
    1.251273,
    3.07773,
    0.758076,
    0.662324,
    2.897188,
    0.72407,
    0.402177,
    0.50991,
    0.748072,
    0.313981,
    0.3566,
    1.302154,
    0.988775,
    0.406929,
    0.769306,
    1.527773,
    0.952744,
    0.963184,
    0.481704,
    1.579005,
    3.556463,
    0.839385,
    0.720034,
    0.590167,
    0.589934,
    1.30312,
    0.521694,
    1.042921,
    0.775403,
    1.133555,
    0.817158,
    0.808043,
    0.746081,
    0.577946,
    0.911607,
    2.157223,
    1.607599,
    2.490748,
    2.114188,
    0.897645,
    0.994824,
    0.924549,
    0.891098,
    0.538567,
    0.463447,
    0.423999,
    0.97239,
    0.425172,
    0.739843,
    0.281594,
    0.345037,
    0.767446,
    2.328278,
    3.194939,
    0.406794,
    0.836436,
    0.932936,
    0.450931,
    0.805087,
    0.387482,
    0.415066,
    0.312,
    0.723837,
    0.828593
  ],
  "1048576": [
    0.458466,
    0.921593,
    1.09974,
    3.45127,
    0.631304,
    0.545701,
    0.435236,
    1.158017,
    0.828924,
    0.75076,
    0.277193,
    0.316846,
    0.349182,
    0.49242,
    1.24692,
    0.525791,
    0.429354,
    0.787782,
    0.366043,
    0.63616,
    0.864226
  ],
  "5242880": [
    0.503684,
    0.845084,
    0.449398,
    2.210202,
    1.256803,
    0.848017,
    0.519371,
    0.87826,
    0.671605,
    0.498535,
    0.974014,
    1.651767,
    1.686314,
    2.885678,
    0.447923,
    0.265277,
    0.771216,
    0.452771,
    0.750647
  ]
}