{
  "all": [
    1.116724,
    1.132345,
    1.829022,
    4.159779,
    0.358352,
    0.689702,
    2.579903,
    1.196681,
    2.103867,
    0.778412,
    2.234713,
    9.077671,
    9.457203,
    8.175057,
    82.626565,
    6.744412,
    7.594366,
    1.833075,
    0.534242,
    1.9608,
    1.023581,
    7.320706,
    1.583343,
    1.550938,
    0.952853,
    1.197678,
    1.244954,
    2.055924,
    1.047114,
    2.615296,
    0.874504,
    1.829872,
    3.941846,
    8.967514,
    9.948262,
    0.963958,
    1.629103,
    1.884383,
    1.002857,
    1.060807,
    1.928547,
    1.165937,
    1.310946,
    2.442735,
    2.577935,
    2.049315,
    0.50537,
    1.070257,
    1.800826,
    4.475295,
    25.565473,
    8.477562,
    9.262321,
    12.180886,
    14.748838,
    8.337646,
    0.691194,
    1.846724,
    1.836693,
    1.927286,
    1.17944,
    2.107289,
    0.857583,
    2.620269,
    2.742535,
    2.494232,
    2.529577,
    4.991264,
    24.608463,
    30.755884,
    8.537472,
    1.748638,
    1.862794,
    4.496688,
    1.862801,
    0.691819,
    1.151857,
    1.845517,
    0.539991,
    0.609008,
    1.741926,
    2.644027,
    0.80056,
    5.777528,
    3.148763,
    1.21777,
    1.464989,
    1.498027,
    4.324572,
    3.641079,
    2.118273,
    1.948101,
    14.564324,
    1.41776,
    1.898193,
    2.106225,
    2.000714,
    0.784462,
    2.866885,
    4.847221,
    1.520996,
    1.154668,
    1.257068,
    0.917546,
    2.485561,
    0.625687,
    2.338192,
    1.412041,
    2.500333,
    1.812383,
    1.868242,
    1.799059,
    0.816894,
    2.120852,
    2.399768,
    2.614607,
    7.581994,
    3.387313,
    2.218749,
    2.178316,
    3.477464,
    1.857635,
    2.603433,
    3.573145,
    3.875271,
    6.827608,
    16.794944,
    1.560345,
    2.078464,
    1.23902,
    0.705155,
    0.778186,
    2.232244,
    0.671946,
    1.808361,
    0.404624,
    0.58448,
    1.759552,
    5.224067,
    3.57251,
    0.889398,
    2.028469,
    2.360296,
    0.885421,
    1.992846,
    0.623326,
    0.769249,
    0.657312,
    1.733464,
    2.013113,
    14.766314
  ],
  "51200": [
    1.116724,
    1.132345,
    1.829022,
    4.159779,
    0.358352,
    0.689702,
    2.579903,
    1.196681,
    2.103867,
    0.778412,
    1.833075,
    0.534242,
    1.9608,
    1.023581,
    7.320706,
    1.583343,
    1.550938,
    0.952853,
    1.197678,
    1.244954,
    2.055924,
    1.047114,
    2.615296,
    0.874504,
    1.829872,
    0.963958,
    1.629103,
    1.884383,
    1.002857,
    1.060807,
    1.928547,
    1.165937,
    1.310946,
    2.442735,
    2.577935,
    2.049315,
    0.50537,
    1.070257,
    1.800826,
    8.337646,
    0.691194,
    1.846724,
    1.836693,
    1.927286,
    1.17944,
    2.107289,
    0.857583,
    2.620269,
    8.537472,
    1.748638,
    1.862794,
    4.496688,
    1.862801,
    0.691819,
    1.151857,
    1.845517,
    0.539991,
    0.609008,
    1.741926,
    2.644027,
    0.80056,
    1.41776,
    1.898193,
    2.106225,
    2.000714,
    0.784462,
    2.866885,
    4.847221,
    1.520996,
    1.154668,
    1.257068,
    0.917546,
    2.485561,
    0.625687,
    2.338192,
    1.412041,
    2.500333,
    1.812383,
    1.868242,
    1.799059,
    0.816894,
    2.120852,
    2.399768,
    2.614607,
    7.581994,
    3.387313,
    2.218749,
    2.178316,
    1.560345,
    2.078464,
    1.23902,
    0.705155,
    0.778186,
    2.232244,
    0.671946,
    1.808361,
    0.404624,
    0.58448,
    1.759552,
    5.224067,
    3.57251,
    0.889398,
    2.028469,
    2.360296,
    0.885421,
    1.992846,
    0.623326,
    0.769249,
    0.657312,
    1.733464,
    2.013113
  ],
  "1048576": [
    2.234713,
    3.941846,
    4.475295,
    25.565473,
    2.742535,
    2.494232,
    2.529577,
    4.991264,
    5.777528,
    3.148763,
    1.21777,
    1.464989,
    1.498027,
    4.324572,
    3.641079,
    2.118273,
    1.948101,
    3.477464,
    1.857635,
    2.603433,
    3.573145
  ],
  "5242880": [
    9.077671,
    9.457203,
    8.175057,
    82.626565,
    6.744412,
    7.594366,
    8.967514,
    9.948262,
    8.477562,
    9.262321,
    12.180886,
    14.748838,
    24.608463,
    30.755884,
    14.564324,
    3.875271,
    6.827608,
    16.794944,
    14.766314
  ]
}