{
  "ALL": [
    [
      75.0,
      2.5
    ],
    [
      75.0,
      2.5
    ],
    [
      60.97560975609756,
      2.4390243902439024
    ],
    [
      60.97560975609756,
      2.4390243902439024
    ],
    [
      70.0,
      2.5
    ],
    [
      70.0,
      2.5
    ],
    [
      65.0,
      2.5
    ],
    [
      65.0,
      2.5
    ],
    [
      70.0,
      2.5
    ],
    [
      70.0,
      2.5
    ],
    [
      52.5,
      2.5
    ],
    [
      52.5,
      2.5
    ],
    [
      68.29268292682927,
      2.4390243902439024
    ],
    [
      68.29268292682927,
      2.4390243902439024
    ],
    [
      72.5,
      2.5
    ],
    [
      72.5,
      2.5
    ]
  ],
  "TIMEOUT": [
    [
      75.0,
      2.5
    ],
    [
      60.97560975609756,
      2.4390243902439024
    ],
    [
      70.0,
      2.5
    ],
    [
      65.0,
      2.5
    ],
    [
      70.0,
      2.5
    ],
    [
      52.5,
      2.5
    ],
    [
      68.29268292682927,
      2.4390243902439024
    ],
    [
      72.5,
      2.5
    ]
  ]
}