{
  "all": [
    0.492776,
    0.326827,
    0.56733,
    0.776656,
    0.274102,
    1.217475,
    1.219918,
    1.309435,
    0.389186,
    1.039442,
    0.338506,
    0.400781,
    0.426398,
    0.318188,
    1.513164,
    0.375581,
    0.321836,
    0.571858,
    0.675414,
    0.411776,
    0.54911,
    0.393652,
    1.000842,
    0.445664,
    0.670283,
    0.656391,
    0.364292,
    0.847024,
    1.604648,
    1.009658,
    0.811948,
    0.643393,
    0.554012,
    0.950241,
    0.889557,
    1.01641,
    1.040364,
    0.787002,
    0.450647,
    0.629884,
    0.384789,
    0.656736,
    0.589896,
    1.444134,
    1.634923,
    0.807316,
    0.273182,
    1.257147,
    1.130979,
    0.386363,
    0.385927,
    0.449638,
    0.74322,
    1.452596,
    1.559567,
    0.570032,
    0.558763,
    0.517106,
    0.533911,
    0.503868,
    0.599268,
    0.691966,
    0.771341,
    0.43945,
    0.289075,
    0.343649,
    1.020554,
    0.235969,
    0.834362,
    1.425663,
    0.311773,
    0.3271,
    0.31521,
    0.231285,
    0.508472,
    0.296015,
    0.301772,
    0.184426,
    1.330889,
    0.327183,
    0.505379,
    0.255877,
    0.282073,
    0.743772,
    0.509137,
    0.339252,
    0.392173,
    0.575427,
    0.480812,
    0.277275,
    0.516616,
    0.595382,
    0.437249,
    0.46613,
    0.304947,
    0.268875,
    0.653704,
    0.284299,
    0.491107,
    0.331885,
    0.240872,
    0.277166,
    0.451599,
    1.216755,
    0.4946,
    1.224493,
    0.282428
  ],
  "51200": [
    0.492776,
    0.326827,
    0.56733,
    0.776656,
    0.274102,
    1.217475,
    1.219918,
    1.309435,
    0.338506,
    0.400781,
    0.426398,
    0.318188,
    1.513164,
    0.375581,
    0.321836,
    0.571858,
    0.675414,
    0.411776,
    0.54911,
    0.393652,
    1.000842,
    0.364292,
    0.847024,
    1.604648,
    1.009658,
    0.811948,
    0.643393,
    0.554012,
    0.950241,
    0.889557,
    0.450647,
    0.629884,
    0.384789,
    0.656736,
    0.589896,
    1.444134,
    1.634923,
    0.807316,
    0.273182,
    1.257147,
    0.74322,
    1.452596,
    1.559567,
    0.570032,
    0.558763,
    0.517106,
    0.533911,
    0.503868,
    0.289075,
    0.343649,
    1.020554,
    0.235969,
    0.834362,
    1.425663,
    0.311773,
    0.3271,
    0.31521,
    0.231285,
    0.508472,
    0.296015,
    0.743772,
    0.509137,
    0.339252,
    0.392173,
    0.575427,
    0.480812,
    0.277275,
    0.516616,
    0.595382,
    0.437249,
    0.46613,
    0.653704,
    0.284299,
    0.491107,
    0.331885,
    0.240872,
    0.277166,
    0.451599,
    1.216755
  ],
  "1048576": [
    0.389186,
    0.445664,
    1.01641,
    1.040364,
    1.130979,
    0.386363,
    0.385927,
    0.599268,
    0.691966,
    0.771341,
    0.43945,
    0.301772,
    0.184426,
    1.330889,
    0.327183,
    0.505379,
    0.304947,
    0.4946,
    1.224493
  ],
  "5242880": [
    1.039442,
    0.670283,
    0.656391,
    0.787002,
    0.449638,
    0.255877,
    0.282073,
    0.268875,
    0.282428
  ]
}