{
  "all": [
    1.24405,
    0.566545,
    1.323398,
    1.87093,
    0.500312,
    1.511408,
    1.373152,
    1.914612,
    1.892945,
    10.178856,
    0.457143,
    0.714302,
    0.617251,
    0.52351,
    2.605125,
    0.499082,
    0.663837,
    1.20064,
    0.885318,
    0.708913,
    0.834508,
    0.640526,
    2.458685,
    2.009095,
    7.983729,
    7.518565,
    0.555474,
    1.946695,
    3.063094,
    2.448402,
    1.91339,
    0.872381,
    1.801031,
    2.04697,
    1.589889,
    4.246171,
    4.337598,
    10.858551,
    0.719697,
    0.843495,
    0.626994,
    1.408002,
    1.181669,
    2.207957,
    2.307553,
    1.891489,
    0.386327,
    1.380099,
    4.642183,
    1.722446,
    1.763971,
    7.697562,
    1.453821,
    1.70739,
    2.644209,
    0.806617,
    0.863658,
    0.830516,
    1.06907,
    0.701885,
    3.22984,
    3.071919,
    3.265186,
    2.797705,
    0.50064,
    0.553526,
    2.478812,
    0.376,
    1.931324,
    2.522712,
    0.510025,
    0.621362,
    0.525695,
    0.374384,
    0.943396,
    0.536996,
    1.374399,
    0.949607,
    7.667107,
    1.521818,
    2.365428,
    3.565901,
    3.776598,
    1.815087,
    0.829419,
    0.577857,
    0.606134,
    1.516508,
    1.089236,
    0.485153,
    1.111617,
    1.331033,
    0.708997,
    1.057988,
    1.30389,
    4.213245,
    1.767904,
    0.493477,
    1.100152,
    0.488228,
    0.460521,
    0.476652,
    1.064505,
    1.425146,
    2.468349,
    2.265012,
    5.056791
  ],
  "51200": [
    1.24405,
    0.566545,
    1.323398,
    1.87093,
    0.500312,
    1.511408,
    1.373152,
    1.914612,
    0.457143,
    0.714302,
    0.617251,
    0.52351,
    2.605125,
    0.499082,
    0.663837,
    1.20064,
    0.885318,
    0.708913,
    0.834508,
    0.640526,
    2.458685,
    0.555474,
    1.946695,
    3.063094,
    2.448402,
    1.91339,
    0.872381,
    1.801031,
    2.04697,
    1.589889,
    0.719697,
    0.843495,
    0.626994,
    1.408002,
    1.181669,
    2.207957,
    2.307553,
    1.891489,
    0.386327,
    1.380099,
    1.453821,
    1.70739,
    2.644209,
    0.806617,
    0.863658,
    0.830516,
    1.06907,
    0.701885,
    0.50064,
    0.553526,
    2.478812,
    0.376,
    1.931324,
    2.522712,
    0.510025,
    0.621362,
    0.525695,
    0.374384,
    0.943396,
    0.536996,
    1.815087,
    0.829419,
    0.577857,
    0.606134,
    1.516508,
    1.089236,
    0.485153,
    1.111617,
    1.331033,
    0.708997,
    1.057988,
    1.767904,
    0.493477,
    1.100152,
    0.488228,
    0.460521,
    0.476652,
    1.064505,
    1.425146
  ],
  "1048576": [
    1.892945,
    2.009095,
    4.246171,
    4.337598,
    4.642183,
    1.722446,
    1.763971,
    3.22984,
    3.071919,
    3.265186,
    2.797705,
    1.374399,
    0.949607,
    7.667107,
    1.521818,
    2.365428,
    1.30389,
    2.468349,
    2.265012
  ],
  "5242880": [
    10.178856,
    7.983729,
    7.518565,
    10.858551,
    7.697562,
    3.565901,
    3.776598,
    4.213245,
    5.056791
  ]
}