{
  "ALL": [
    [
      73.17073170731707,
      2.4390243902439024
    ],
    [
      73.17073170731707,
      2.4390243902439024
    ],
    [
      60.0,
      2.5
    ],
    [
      60.0,
      2.5
    ],
    [
      75.0,
      2.5
    ],
    [
      75.0,
      2.5
    ],
    [
      60.0,
      2.5
    ],
    [
      60.0,
      2.5
    ],
    [
      70.73170731707317,
      2.4390243902439024
    ],
    [
      70.73170731707317,
      2.4390243902439024
    ],
    [
      65.0,
      2.5
    ],
    [
      65.0,
      2.5
    ],
    [
      72.5,
      2.5
    ],
    [
      72.5,
      2.5
    ],
    [
      67.5,
      2.5
    ],
    [
      67.5,
      2.5
    ]
  ],
  "TIMEOUT": [
    [
      73.17073170731707,
      2.4390243902439024
    ],
    [
      60.0,
      2.5
    ],
    [
      75.0,
      2.5
    ],
    [
      60.0,
      2.5
    ],
    [
      70.73170731707317,
      2.4390243902439024
    ],
    [
      65.0,
      2.5
    ],
    [
      72.5,
      2.5
    ],
    [
      67.5,
      2.5
    ]
  ]
}