{
  "all": [
    1.105048,
    1.660959,
    1.796499,
    1.622114,
    2.231849,
    2.248412,
    1.212158,
    3.526351,
    17.508082,
    24.9194,
    68.12294,
    2.310238,
    0.759281,
    1.297098,
    1.167836,
    2.215716,
    2.201738,
    2.735828,
    1.627346,
    1.457021,
    2.443479,
    15.101754,
    5.652627,
    66.901971,
    74.126804,
    34.455663,
    22.806867,
    1.88836,
    0.67895,
    1.520179,
    1.781732,
    8.695882,
    2.084132,
    2.328189,
    1.782481,
    2.633332,
    34.455476,
    4.667477,
    0.799339,
    1.001627,
    2.192829,
    0.905041,
    1.568873,
    1.566309,
    0.76072,
    0.676156,
    2.408576,
    2.039868,
    2.608402,
    1.808445,
    11.239654,
    3.11977,
    8.853688,
    0.739215,
    2.136529,
    1.534254,
    0.767679,
    0.644224,
    2.776484,
    8.643636,
    1.163977,
    5.691433,
    30.621219,
    15.40195,
    40.88466,
    2.331041,
    1.378912,
    1.46855,
    1.42414,
    3.573188,
    0.888785,
    2.360139,
    2.629858,
    1.245362,
    2.888571,
    1.678326,
    8.13324,
    2.688341,
    29.133927,
    6.009813,
    0.893986,
    2.334319,
    1.17094,
    1.033019,
    0.86186,
    2.839728,
    12.183435,
    4.269972,
    3.695296,
    34.111122,
    0.575291,
    0.58552,
    1.20096,
    2.196837,
    0.736654,
    1.406184,
    2.367357,
    0.99954,
    0.686752,
    8.460154,
    14.95577,
    6.670921,
    7.210914
  ],
  "51200": [
    1.105048,
    1.660959,
    1.796499,
    1.622114,
    2.231849,
    2.248412,
    1.212158,
    2.310238,
    0.759281,
    1.297098,
    1.167836,
    2.215716,
    2.201738,
    2.735828,
    1.627346,
    1.457021,
    1.88836,
    0.67895,
    1.520179,
    1.781732,
    8.695882,
    4.667477,
    0.799339,
    1.001627,
    2.192829,
    0.905041,
    1.568873,
    1.566309,
    0.76072,
    0.676156,
    2.408576,
    2.039868,
    2.608402,
    1.808445,
    11.239654,
    0.739215,
    2.136529,
    1.534254,
    0.767679,
    0.644224,
    2.776484,
    8.643636,
    1.163977,
    5.691433,
    2.331041,
    1.378912,
    1.46855,
    1.42414,
    3.573188,
    0.888785,
    2.360139,
    2.629858,
    1.245362,
    2.888571,
    1.678326,
    6.009813,
    0.893986,
    2.334319,
    1.17094,
    1.033019,
    0.86186,
    2.839728,
    12.183435,
    0.575291,
    0.58552,
    1.20096,
    2.196837,
    0.736654,
    1.406184,
    2.367357,
    0.99954,
    0.686752,
    8.460154
  ],
  "1048576": [
    3.526351,
    17.508082,
    24.9194,
    2.443479,
    15.101754,
    5.652627,
    2.084132,
    2.328189,
    1.782481,
    2.633332,
    3.11977,
    30.621219,
    15.40195,
    8.13324,
    2.688341,
    4.269972,
    3.695296,
    34.111122
  ],
  "5242880": [
    68.12294,
    66.901971,
    74.126804,
    34.455663,
    22.806867,
    34.455476,
    8.853688,
    40.88466,
    29.133927,
    14.95577,
    6.670921,
    7.210914
  ]
}