{
  "all": [
    0.642632,
    1.266713,
    1.509884,
    0.863393,
    0.998944,
    1.016472,
    0.745951,
    0.759179,
    4.018439,
    1.283804,
    0.556102,
    1.105645,
    0.646145,
    0.829352,
    0.823432,
    1.821835,
    0.882338,
    1.495179,
    0.522994,
    0.770076,
    0.509417,
    0.761746,
    0.723347,
    6.089473,
    0.687505,
    0.888459,
    0.58092,
    1.557205,
    0.415596,
    1.349499,
    1.209729,
    3.680866,
    0.445252,
    0.536904,
    0.404191,
    0.51423,
    5.577626,
    3.073391,
    0.441155,
    0.530964,
    0.951087,
    0.748699,
    1.299514,
    0.758625,
    0.448598,
    0.426303,
    1.869525,
    1.684302,
    0.982452,
    1.10865,
    3.793489,
    1.33019,
    0.671791,
    0.454848,
    0.924036,
    1.072071,
    0.410463,
    0.368254,
    1.565043,
    7.181213,
    0.636052,
    5.041715,
    2.473742,
    4.038981,
    0.842651,
    1.132903,
    0.675701,
    0.944124,
    0.768679,
    1.22315,
    0.804056,
    1.357384,
    1.424963,
    0.771745,
    1.113829,
    0.921686,
    1.452724,
    0.478822,
    0.601986,
    3.962312,
    0.628186,
    1.693668,
    0.564811,
    0.792481,
    0.614404,
    1.279018,
    11.901708,
    0.726321,
    0.789548,
    3.593281,
    0.386167,
    0.489813,
    0.670014,
    1.404456,
    0.52843,
    1.303009,
    1.120781,
    0.755446,
    0.436868,
    3.451473,
    1.521506,
    0.405988,
    0.529404
  ],
  "51200": [
    0.642632,
    1.266713,
    1.509884,
    0.863393,
    0.998944,
    1.016472,
    0.745951,
    1.105645,
    0.646145,
    0.829352,
    0.823432,
    1.821835,
    0.882338,
    1.495179,
    0.522994,
    0.770076,
    1.557205,
    0.415596,
    1.349499,
    1.209729,
    3.680866,
    3.073391,
    0.441155,
    0.530964,
    0.951087,
    0.748699,
    1.299514,
    0.758625,
    0.448598,
    0.426303,
    1.869525,
    1.684302,
    0.982452,
    1.10865,
    3.793489,
    0.454848,
    0.924036,
    1.072071,
    0.410463,
    0.368254,
    1.565043,
    7.181213,
    0.636052,
    5.041715,
    1.132903,
    0.675701,
    0.944124,
    0.768679,
    1.22315,
    0.804056,
    1.357384,
    1.424963,
    0.771745,
    1.113829,
    0.921686,
    3.962312,
    0.628186,
    1.693668,
    0.564811,
    0.792481,
    0.614404,
    1.279018,
    11.901708,
    0.386167,
    0.489813,
    0.670014,
    1.404456,
    0.52843,
    1.303009,
    1.120781,
    0.755446,
    0.436868,
    3.451473
  ],
  "1048576": [
    0.759179,
    4.018439,
    1.283804,
    0.509417,
    0.761746,
    0.723347,
    0.445252,
    0.536904,
    0.404191,
    0.51423,
    1.33019,
    2.473742,
    4.038981,
    1.452724,
    0.478822,
    0.726321,
    0.789548,
    3.593281
  ],
  "5242880": [
    0.556102,
    6.089473,
    0.687505,
    0.888459,
    0.58092,
    5.577626,
    0.671791,
    0.842651,
    0.601986,
    1.521506,
    0.405988,
    0.529404
  ]
}