{
  "ALL": [
    [
      52.5,
      2.5
    ],
    [
      52.5,
      2.5
    ],
    [
      70.0,
      2.5
    ],
    [
      70.0,
      2.5
    ],
    [
      70.0,
      2.5
    ],
    [
      70.0,
      2.5
    ],
    [
      65.0,
      2.5
    ],
    [
      65.0,
      2.5
    ],
    [
      67.5,
      2.5
    ],
    [
      67.5,
      2.5
    ],
    [
      66.66666666666667,
      2.5641025641025643
    ],
    [
      66.66666666666667,
      2.5641025641025643
    ],
    [
      69.23076923076923,
      2.5641025641025643
    ],
    [
      69.23076923076923,
      2.5641025641025643
    ],
    [
      67.5,
      2.5
    ],
    [
      67.5,
      2.5
    ]
  ],
  "TIMEOUT": [
    [
      52.5,
      2.5
    ],
    [
      70.0,
      2.5
    ],
    [
      70.0,
      2.5
    ],
    [
      65.0,
      2.5
    ],
    [
      67.5,
      2.5
    ],
    [
      66.66666666666667,
      2.5641025641025643
    ],
    [
      69.23076923076923,
      2.5641025641025643
    ],
    [
      67.5,
      2.5
    ]
  ]
}