{
  "all": [
    6.801712,
    4.235001,
    2.842005,
    8.296068,
    7.88977,
    8.889068,
    2.757111,
    10.214745,
    7.508422,
    0.627023,
    8.708094,
    2.071353,
    1.562388,
    2.603679,
    34.16339,
    12.379326,
    47.457952,
    2.19974,
    116.27985,
    2.410782,
    3.181052,
    6.286134,
    2.513865,
    7.684445,
    9.259687,
    8.773229,
    10.020865,
    1.2931,
    1.712335,
    0.625224,
    31.472208,
    3.12947,
    6.994192,
    9.206204,
    8.585437,
    1.325469,
    11.041852,
    10.145563,
    1.215883,
    1.330786,
    0.879019,
    46.448407,
    56.128882,
    7.848805,
    7.049288,
    8.673343,
    8.701243,
    10.078077,
    7.287176,
    2.651797,
    2.596743,
    8.013173,
    6.568651,
    1.136247,
    43.907691,
    4.132052,
    3.856727,
    2.852829,
    8.626502,
    8.019146,
    10.364936,
    11.144764,
    8.868891,
    1.194764,
    8.644083,
    9.524618,
    0.748769,
    15.342097,
    107.992323,
    86.273296,
    4.650943,
    1.29626,
    8.199601,
    8.815695,
    10.730396,
    7.094095,
    10.371514,
    1.165652,
    0.681171,
    1.999737,
    0.611003,
    4.23333,
    9.071581,
    7.343756,
    1.196027,
    7.740108,
    9.681465,
    0.746977,
    7.281851,
    2.268669,
    38.657653,
    21.454937,
    1.455038,
    61.025541,
    4.459243,
    7.580166,
    3.552295,
    7.23927,
    7.285078,
    0.747549,
    10.503843,
    3.944265,
    10.346877,
    0.609586,
    2.443882,
    0.613213,
    35.116517,
    8.167108
  ],
  "51200": [
    6.801712,
    4.235001,
    2.842005,
    8.296068,
    7.88977,
    8.889068,
    2.757111,
    10.214745,
    7.508422,
    0.627023,
    8.708094,
    2.071353,
    1.562388,
    2.603679,
    2.410782,
    3.181052,
    6.286134,
    2.513865,
    7.684445,
    9.259687,
    8.773229,
    10.020865,
    1.2931,
    1.712335,
    0.625224,
    3.12947,
    6.994192,
    9.206204,
    8.585437,
    1.325469,
    11.041852,
    10.145563,
    1.215883,
    1.330786,
    0.879019,
    7.848805,
    7.049288,
    8.673343,
    8.701243,
    10.078077,
    7.287176,
    2.651797,
    2.596743,
    8.013173,
    6.568651,
    1.136247,
    2.852829,
    8.626502,
    8.019146,
    10.364936,
    11.144764,
    8.868891,
    1.194764,
    8.644083,
    9.524618,
    0.748769,
    4.650943,
    1.29626,
    8.199601,
    8.815695,
    10.730396,
    7.094095,
    10.371514,
    1.165652,
    0.681171,
    1.999737,
    0.611003,
    7.343756,
    1.196027,
    7.740108,
    9.681465,
    0.746977,
    7.281851,
    2.268669,
    7.580166,
    3.552295,
    7.23927,
    7.285078,
    0.747549,
    10.503843,
    3.944265,
    10.346877,
    0.609586,
    2.443882,
    0.613213
  ],
  "1048576": [
    34.16339,
    12.379326,
    47.457952,
    2.19974,
    31.472208,
    46.448407,
    56.128882,
    43.907691,
    4.132052,
    3.856727,
    4.23333,
    9.071581,
    38.657653,
    21.454937,
    1.455038,
    35.116517
  ],
  "5242880": [
    116.27985,
    15.342097,
    107.992323,
    86.273296,
    61.025541,
    4.459243,
    8.167108
  ]
}