{
  "all": [
    2.318947,
    2.20119,
    1.370334,
    6.770725,
    2.697977,
    3.173996,
    1.735431,
    4.963519,
    4.083542,
    0.405192,
    6.991541,
    0.990574,
    0.928521,
    1.546557,
    7.786118,
    0.766398,
    41.74179,
    0.467312,
    2.453347,
    1.205755,
    1.455463,
    2.419191,
    0.990114,
    2.417301,
    3.191567,
    3.078467,
    3.313705,
    0.671558,
    0.678897,
    0.328489,
    1.959916,
    1.571281,
    2.604378,
    3.266692,
    4.534264,
    0.737066,
    3.475365,
    6.399879,
    0.647183,
    0.761485,
    0.550171,
    3.170596,
    3.044508,
    2.51189,
    2.606415,
    3.133432,
    3.066566,
    3.674228,
    3.363753,
    1.113046,
    1.245327,
    2.850849,
    3.454056,
    0.550552,
    2.627264,
    0.986607,
    0.956097,
    1.427885,
    3.02495,
    2.670885,
    3.519015,
    3.772178,
    3.761748,
    0.604956,
    4.629873,
    3.314666,
    0.474374,
    1.310084,
    2.71031,
    3.152085,
    2.35859,
    0.660393,
    2.970332,
    3.000024,
    3.503295,
    2.509747,
    4.174493,
    0.591424,
    0.442853,
    0.935834,
    0.396054,
    0.893069,
    2.27859,
    2.482682,
    0.644312,
    2.586922,
    3.262609,
    0.451442,
    3.097533,
    0.800861,
    2.238755,
    2.070605,
    0.342143,
    3.718257,
    0.316984,
    3.21193,
    1.802365,
    2.445295,
    2.421639,
    0.461037,
    3.582756,
    2.807882,
    8.54835,
    0.328908,
    1.221608,
    0.329522,
    3.643776,
    0.542912
  ],
  "51200": [
    2.318947,
    2.20119,
    1.370334,
    6.770725,
    2.697977,
    3.173996,
    1.735431,
    4.963519,
    4.083542,
    0.405192,
    6.991541,
    0.990574,
    0.928521,
    1.546557,
    1.205755,
    1.455463,
    2.419191,
    0.990114,
    2.417301,
    3.191567,
    3.078467,
    3.313705,
    0.671558,
    0.678897,
    0.328489,
    1.571281,
    2.604378,
    3.266692,
    4.534264,
    0.737066,
    3.475365,
    6.399879,
    0.647183,
    0.761485,
    0.550171,
    2.51189,
    2.606415,
    3.133432,
    3.066566,
    3.674228,
    3.363753,
    1.113046,
    1.245327,
    2.850849,
    3.454056,
    0.550552,
    1.427885,
    3.02495,
    2.670885,
    3.519015,
    3.772178,
    3.761748,
    0.604956,
    4.629873,
    3.314666,
    0.474374,
    2.35859,
    0.660393,
    2.970332,
    3.000024,
    3.503295,
    2.509747,
    4.174493,
    0.591424,
    0.442853,
    0.935834,
    0.396054,
    2.482682,
    0.644312,
    2.586922,
    3.262609,
    0.451442,
    3.097533,
    0.800861,
    3.21193,
    1.802365,
    2.445295,
    2.421639,
    0.461037,
    3.582756,
    2.807882,
    8.54835,
    0.328908,
    1.221608,
    0.329522
  ],
  "1048576": [
    7.786118,
    0.766398,
    41.74179,
    0.467312,
    1.959916,
    3.170596,
    3.044508,
    2.627264,
    0.986607,
    0.956097,
    0.893069,
    2.27859,
    2.238755,
    2.070605,
    0.342143,
    3.643776
  ],
  "5242880": [
    2.453347,
    1.310084,
    2.71031,
    3.152085,
    3.718257,
    0.316984,
    0.542912
  ]
}