{
  "ALL": [
    [
      95.0,
      2.5
    ],
    [
      95.0,
      2.5
    ],
    [
      89.74358974358974,
      2.5641025641025643
    ],
    [
      89.74358974358974,
      2.5641025641025643
    ],
    [
      95.1219512195122,
      2.4390243902439024
    ],
    [
      95.1219512195122,
      2.4390243902439024
    ],
    [
      87.5,
      2.5
    ],
    [
      87.5,
      2.5
    ],
    [
      94.87179487179488,
      2.5641025641025643
    ],
    [
      94.87179487179488,
      2.5641025641025643
    ],
    [
      85.0,
      2.5
    ],
    [
      85.0,
      2.5
    ],
    [
      92.5,
      2.5
    ],
    [
      92.5,
      2.5
    ],
    [
      87.5,
      2.5
    ],
    [
      87.5,
      2.5
    ]
  ],
  "TIMEOUT": [
    [
      95.0,
      2.5
    ],
    [
      89.74358974358974,
      2.5641025641025643
    ],
    [
      95.1219512195122,
      2.4390243902439024
    ],
    [
      87.5,
      2.5
    ],
    [
      94.87179487179488,
      2.5641025641025643
    ],
    [
      85.0,
      2.5
    ],
    [
      92.5,
      2.5
    ],
    [
      87.5,
      2.5
    ]
  ]
}