{
  "ALL": [
    [
      67.5,
      2.5
    ],
    [
      67.5,
      2.5
    ],
    [
      57.5,
      2.5
    ],
    [
      57.5,
      2.5
    ],
    [
      75.60975609756098,
      2.4390243902439024
    ],
    [
      75.60975609756098,
      2.4390243902439024
    ],
    [
      64.1025641025641,
      2.5641025641025643
    ],
    [
      64.1025641025641,
      2.5641025641025643
    ],
    [
      65.0,
      2.5
    ],
    [
      65.0,
      2.5
    ],
    [
      60.97560975609756,
      2.4390243902439024
    ],
    [
      60.97560975609756,
      2.4390243902439024
    ],
    [
      50.0,
      2.5
    ],
    [
      50.0,
      2.5
    ],
    [
      70.0,
      2.5
    ],
    [
      70.0,
      2.5
    ]
  ],
  "TIMEOUT": [
    [
      67.5,
      2.5
    ],
    [
      57.5,
      2.5
    ],
    [
      75.60975609756098,
      2.4390243902439024
    ],
    [
      64.1025641025641,
      2.5641025641025643
    ],
    [
      65.0,
      2.5
    ],
    [
      60.97560975609756,
      2.4390243902439024
    ],
    [
      50.0,
      2.5
    ],
    [
      70.0,
      2.5
    ]
  ]
}