{
  "all": [
    3.336464,
    1.132113,
    0.82933,
    2.405633,
    1.457264,
    1.556291,
    2.732367,
    1.969321,
    31.125555,
    10.570499,
    9.541274,
    5.83277,
    9.158339,
    0.777512,
    1.096822,
    1.329746,
    0.758422,
    2.362652,
    5.628195,
    4.53102,
    1.191876,
    1.762798,
    1.339239,
    1.228205,
    5.136352,
    1.629629,
    0.316002,
    0.976646,
    3.303306,
    10.525623,
    3.232359,
    0.76543,
    1.69511,
    0.422407,
    1.372787,
    0.727183,
    1.236936,
    1.976293,
    0.821933,
    4.199036,
    0.976648,
    7.231827,
    1.005184,
    1.368091,
    5.667926,
    0.654516,
    0.668515,
    5.575709,
    4.788494,
    9.650934,
    23.811685,
    2.438006,
    91.223791,
    20.330816,
    2.280085,
    2.371122,
    0.98178,
    0.651729,
    1.144362,
    0.991975,
    0.601954,
    0.822133,
    19.419844,
    6.025803,
    4.989853,
    2.606202,
    5.985403,
    3.490545,
    6.371166,
    0.908736,
    4.616763,
    1.742179,
    1.984604,
    0.521343,
    1.942991,
    2.122365,
    7.154814,
    2.006892,
    6.493338,
    14.623414,
    3.702492,
    11.909196,
    6.908968,
    7.559385,
    1.124525,
    1.246249,
    0.772628,
    1.971155,
    2.670421,
    1.082028,
    0.578711,
    1.405259,
    1.511708,
    2.510604,
    4.812894,
    0.938063,
    1.231394,
    0.663033,
    1.841275,
    14.081218,
    1.892369,
    3.563195,
    1.450391,
    13.189231,
    2.234392,
    4.771861,
    1.372291,
    2.195681,
    0.857471,
    1.597217,
    1.910381,
    1.301312,
    44.556492,
    5.587321,
    27.927972,
    17.749824
  ],
  "51200": [
    3.336464,
    1.132113,
    0.82933,
    2.405633,
    1.457264,
    1.556291,
    2.732367,
    1.969321,
    0.777512,
    1.096822,
    1.329746,
    0.758422,
    2.362652,
    5.628195,
    4.53102,
    1.191876,
    1.762798,
    1.339239,
    1.228205,
    5.136352,
    1.629629,
    0.316002,
    0.976646,
    3.232359,
    0.76543,
    1.69511,
    0.422407,
    1.372787,
    0.727183,
    1.236936,
    1.976293,
    0.821933,
    0.976648,
    7.231827,
    1.005184,
    1.368091,
    5.667926,
    0.654516,
    0.668515,
    2.280085,
    2.371122,
    0.98178,
    0.651729,
    1.144362,
    0.991975,
    0.601954,
    0.822133,
    6.371166,
    0.908736,
    4.616763,
    1.742179,
    1.984604,
    0.521343,
    1.942991,
    2.122365,
    7.154814,
    2.006892,
    1.124525,
    1.246249,
    0.772628,
    1.971155,
    2.670421,
    1.082028,
    0.578711,
    1.405259,
    1.511708,
    2.510604,
    4.812894,
    0.938063,
    1.231394,
    0.663033,
    1.841275,
    2.234392,
    4.771861,
    1.372291,
    2.195681,
    0.857471,
    1.597217,
    1.910381,
    1.301312
  ],
  "1048576": [
    31.125555,
    10.570499,
    9.541274,
    5.83277,
    3.303306,
    4.199036,
    5.575709,
    4.788494,
    9.650934,
    23.811685,
    2.438006,
    19.419844,
    6.025803,
    4.989853,
    2.606202,
    5.985403,
    3.490545,
    6.493338,
    14.623414,
    3.702492,
    11.909196,
    14.081218,
    1.892369,
    3.563195,
    1.450391,
    44.556492
  ],
  "5242880": [
    9.158339,
    10.525623,
    91.223791,
    20.330816,
    6.908968,
    7.559385,
    13.189231,
    5.587321,
    27.927972,
    17.749824
  ]
}