{
  "all": [
    2.410585,
    0.744188,
    0.516388,
    1.715165,
    0.971012,
    1.34336,
    1.237137,
    0.722613,
    0.65564,
    3.546458,
    0.434939,
    1.553643,
    0.475325,
    0.515936,
    0.594639,
    0.943947,
    0.66351,
    0.650289,
    4.998181,
    3.810499,
    0.97387,
    0.820917,
    0.659487,
    0.914903,
    4.036483,
    1.155639,
    0.211374,
    0.806662,
    0.725602,
    0.880635,
    2.365172,
    0.386832,
    1.39546,
    0.320192,
    0.888884,
    0.412766,
    0.561062,
    0.90169,
    0.499583,
    0.549562,
    0.490969,
    2.512702,
    0.587528,
    0.715726,
    0.454837,
    0.439201,
    0.509979,
    1.387755,
    0.476986,
    2.49198,
    0.568421,
    0.566794,
    2.706739,
    0.538301,
    0.903418,
    1.178992,
    0.643263,
    0.547687,
    0.702536,
    0.693756,
    0.525697,
    0.573832,
    2.394138,
    1.451231,
    0.643825,
    0.549889,
    1.657359,
    0.673825,
    2.774168,
    0.64127,
    4.341027,
    1.301876,
    0.821336,
    0.46515,
    0.86752,
    1.612225,
    6.916193,
    0.909441,
    1.364669,
    0.916024,
    0.804416,
    0.550529,
    0.552,
    0.43918,
    0.804815,
    0.58692,
    0.67972,
    0.814935,
    2.219576,
    0.586096,
    0.358118,
    1.164176,
    0.648753,
    1.512258,
    0.595371,
    0.586994,
    0.501239,
    0.390974,
    0.774807,
    4.604006,
    0.406472,
    0.778468,
    0.315089,
    0.744,
    1.346534,
    3.751477,
    0.663126,
    0.734241,
    0.39227,
    0.569394,
    0.816505,
    1.124871,
    2.784749,
    0.286753,
    2.273691,
    0.57911
  ],
  "51200": [
    2.410585,
    0.744188,
    0.516388,
    1.715165,
    0.971012,
    1.34336,
    1.237137,
    0.722613,
    0.515936,
    0.594639,
    0.943947,
    0.66351,
    0.650289,
    4.998181,
    3.810499,
    0.97387,
    0.820917,
    0.659487,
    0.914903,
    4.036483,
    1.155639,
    0.211374,
    0.806662,
    2.365172,
    0.386832,
    1.39546,
    0.320192,
    0.888884,
    0.412766,
    0.561062,
    0.90169,
    0.499583,
    0.490969,
    2.512702,
    0.587528,
    0.715726,
    0.454837,
    0.439201,
    0.509979,
    0.903418,
    1.178992,
    0.643263,
    0.547687,
    0.702536,
    0.693756,
    0.525697,
    0.573832,
    2.774168,
    0.64127,
    4.341027,
    1.301876,
    0.821336,
    0.46515,
    0.86752,
    1.612225,
    6.916193,
    0.909441,
    0.804815,
    0.58692,
    0.67972,
    0.814935,
    2.219576,
    0.586096,
    0.358118,
    1.164176,
    0.648753,
    1.512258,
    0.595371,
    0.586994,
    0.501239,
    0.390974,
    0.774807,
    1.346534,
    3.751477,
    0.663126,
    0.734241,
    0.39227,
    0.569394,
    0.816505,
    1.124871
  ],
  "1048576": [
    0.65564,
    3.546458,
    0.434939,
    1.553643,
    0.725602,
    0.549562,
    1.387755,
    0.476986,
    2.49198,
    0.568421,
    0.566794,
    2.394138,
    1.451231,
    0.643825,
    0.549889,
    1.657359,
    0.673825,
    1.364669,
    0.916024,
    0.804416,
    0.550529,
    4.604006,
    0.406472,
    0.778468,
    0.315089,
    2.784749
  ],
  "5242880": [
    0.475325,
    0.880635,
    2.706739,
    0.538301,
    0.552,
    0.43918,
    0.744,
    0.286753,
    2.273691,
    0.57911
  ]
}