{
  "ALL": [
    [
      77.5,
      2.5
    ],
    [
      77.5,
      2.5
    ],
    [
      82.05128205128206,
      2.5641025641025643
    ],
    [
      82.05128205128206,
      2.5641025641025643
    ],
    [
      72.5,
      2.5
    ],
    [
      72.5,
      2.5
    ],
    [
      72.5,
      2.5
    ],
    [
      72.5,
      2.5
    ],
    [
      73.17073170731707,
      2.4390243902439024
    ],
    [
      73.17073170731707,
      2.4390243902439024
    ],
    [
      75.0,
      2.5
    ],
    [
      75.0,
      2.5
    ],
    [
      58.53658536585366,
      2.4390243902439024
    ],
    [
      58.53658536585366,
      2.4390243902439024
    ],
    [
      77.5,
      2.5
    ],
    [
      77.5,
      2.5
    ]
  ],
  "TIMEOUT": [
    [
      77.5,
      2.5
    ],
    [
      82.05128205128206,
      2.5641025641025643
    ],
    [
      72.5,
      2.5
    ],
    [
      72.5,
      2.5
    ],
    [
      73.17073170731707,
      2.4390243902439024
    ],
    [
      75.0,
      2.5
    ],
    [
      58.53658536585366,
      2.4390243902439024
    ],
    [
      77.5,
      2.5
    ]
  ]
}