{
  "ALL": [
    [
      77.5,
      2.5
    ],
    [
      77.5,
      2.5
    ],
    [
      65.0,
      2.5
    ],
    [
      65.0,
      2.5
    ],
    [
      65.0,
      2.5
    ],
    [
      65.0,
      2.5
    ],
    [
      62.5,
      2.5
    ],
    [
      62.5,
      2.5
    ],
    [
      75.0,
      2.5
    ],
    [
      75.0,
      2.5
    ],
    [
      68.29268292682927,
      2.4390243902439024
    ],
    [
      68.29268292682927,
      2.4390243902439024
    ],
    [
      77.5,
      2.5
    ],
    [
      77.5,
      2.5
    ],
    [
      70.0,
      2.5
    ],
    [
      70.0,
      2.5
    ]
  ],
  "TIMEOUT": [
    [
      77.5,
      2.5
    ],
    [
      65.0,
      2.5
    ],
    [
      65.0,
      2.5
    ],
    [
      62.5,
      2.5
    ],
    [
      75.0,
      2.5
    ],
    [
      68.29268292682927,
      2.4390243902439024
    ],
    [
      77.5,
      2.5
    ],
    [
      70.0,
      2.5
    ]
  ]
}