{
  "all": [
    1.761347,
    1.21822,
    1.369597,
    1.52924,
    5.957131,
    2.296965,
    2.548591,
    27.129957,
    14.587942,
    4.177622,
    1.574931,
    1.937872,
    1.36693,
    1.574609,
    1.355837,
    1.400342,
    1.798721,
    10.669118,
    1.755497,
    8.272535,
    3.584617,
    3.027471,
    9.617648,
    1.885307,
    1.404799,
    0.860873,
    1.395945,
    1.696034,
    9.147799,
    0.893962,
    0.81962,
    7.209849,
    1.35545,
    15.898448,
    12.615766,
    11.292083,
    19.344806,
    1.589376,
    1.619569,
    1.697036,
    0.819593,
    1.547779,
    1.62816,
    3.226678,
    7.101703,
    5.065051,
    20.071451,
    9.308979,
    6.674855,
    45.019844,
    3.567843,
    113.054823,
    1.484472,
    1.678411,
    1.819022,
    0.96351,
    1.66663,
    1.855343,
    1.612005,
    9.255014,
    2.991978,
    10.632378,
    2.736656,
    1.607199,
    1.43825,
    6.390438,
    1.553414,
    6.992483,
    18.591349,
    2.478168,
    9.563858,
    9.521626,
    3.318955,
    11.239323,
    21.13417,
    1.383721,
    2.213975,
    0.431285,
    5.000817,
    4.01765,
    6.014386,
    38.207054,
    10.926715,
    96.774895,
    1.84291,
    1.990799,
    1.329853,
    2.728837,
    1.362044,
    2.166365,
    2.566929,
    8.465994,
    7.134857,
    0.607649,
    4.944866,
    109.640541
  ],
  "51200": [
    1.761347,
    1.21822,
    1.369597,
    1.52924,
    5.957131,
    2.296965,
    4.177622,
    1.574931,
    1.937872,
    1.36693,
    1.574609,
    1.355837,
    1.400342,
    1.798721,
    10.669118,
    1.755497,
    8.272535,
    1.885307,
    1.404799,
    0.860873,
    1.395945,
    1.696034,
    9.147799,
    0.893962,
    0.81962,
    7.209849,
    1.35545,
    1.589376,
    1.619569,
    1.697036,
    0.819593,
    1.547779,
    1.62816,
    3.226678,
    7.101703,
    5.065051,
    1.484472,
    1.678411,
    1.819022,
    0.96351,
    1.66663,
    1.855343,
    1.612005,
    9.255014,
    2.736656,
    1.607199,
    1.43825,
    6.390438,
    1.553414,
    6.992483,
    1.383721,
    2.213975,
    0.431285,
    5.000817,
    1.84291,
    1.990799,
    1.329853,
    2.728837,
    1.362044,
    2.166365,
    2.566929,
    8.465994,
    7.134857,
    0.607649,
    4.944866
  ],
  "1048576": [
    2.548591,
    27.129957,
    3.584617,
    3.027471,
    15.898448,
    20.071451,
    9.308979,
    6.674855,
    45.019844,
    3.567843,
    2.991978,
    18.591349,
    2.478168,
    9.563858,
    9.521626,
    3.318955,
    11.239323,
    4.01765,
    6.014386,
    38.207054
  ],
  "5242880": [
    14.587942,
    9.617648,
    12.615766,
    11.292083,
    19.344806,
    113.054823,
    10.632378,
    21.13417,
    10.926715,
    96.774895,
    109.640541
  ]
}