{
  "all": [
    1.077046,
    0.609253,
    0.623742,
    0.684306,
    5.186085,
    1.957878,
    0.65805,
    1.301035,
    1.476916,
    1.631243,
    0.757542,
    0.903923,
    0.722863,
    0.670941,
    0.696873,
    0.75855,
    0.875759,
    3.91941,
    1.049857,
    5.333736,
    0.867127,
    0.710777,
    0.708149,
    1.477947,
    0.727878,
    0.593498,
    0.689728,
    0.914985,
    8.309789,
    0.627809,
    0.546978,
    2.66323,
    1.090095,
    3.419602,
    0.830156,
    0.728169,
    0.733402,
    0.898857,
    0.997556,
    0.920308,
    0.562119,
    0.864066,
    0.844379,
    2.784715,
    3.220461,
    2.954195,
    2.720812,
    1.079495,
    0.549528,
    2.978622,
    0.807935,
    3.848951,
    0.921391,
    0.90213,
    0.984412,
    0.608742,
    0.847532,
    0.902989,
    0.875191,
    4.115825,
    0.601409,
    1.4561,
    1.851293,
    0.810949,
    0.638921,
    5.37138,
    0.658851,
    3.300362,
    1.72572,
    0.608919,
    1.567326,
    0.597309,
    0.713085,
    3.429622,
    1.509269,
    0.711676,
    0.900066,
    0.286613,
    2.766151,
    0.830117,
    1.492278,
    28.000297,
    0.828061,
    2.600249,
    0.882391,
    0.847017,
    0.704414,
    0.919396,
    0.696749,
    1.985649,
    1.641799,
    3.348087,
    2.532215,
    0.380227,
    2.861191,
    0.451321
  ],
  "51200": [
    1.077046,
    0.609253,
    0.623742,
    0.684306,
    5.186085,
    1.957878,
    1.631243,
    0.757542,
    0.903923,
    0.722863,
    0.670941,
    0.696873,
    0.75855,
    0.875759,
    3.91941,
    1.049857,
    5.333736,
    1.477947,
    0.727878,
    0.593498,
    0.689728,
    0.914985,
    8.309789,
    0.627809,
    0.546978,
    2.66323,
    1.090095,
    0.898857,
    0.997556,
    0.920308,
    0.562119,
    0.864066,
    0.844379,
    2.784715,
    3.220461,
    2.954195,
    0.921391,
    0.90213,
    0.984412,
    0.608742,
    0.847532,
    0.902989,
    0.875191,
    4.115825,
    1.851293,
    0.810949,
    0.638921,
    5.37138,
    0.658851,
    3.300362,
    0.711676,
    0.900066,
    0.286613,
    2.766151,
    0.882391,
    0.847017,
    0.704414,
    0.919396,
    0.696749,
    1.985649,
    1.641799,
    3.348087,
    2.532215,
    0.380227,
    2.861191
  ],
  "1048576": [
    0.65805,
    1.301035,
    0.867127,
    0.710777,
    3.419602,
    2.720812,
    1.079495,
    0.549528,
    2.978622,
    0.807935,
    0.601409,
    1.72572,
    0.608919,
    1.567326,
    0.597309,
    0.713085,
    3.429622,
    0.830117,
    1.492278,
    28.000297
  ],
  "5242880": [
    1.476916,
    0.708149,
    0.830156,
    0.728169,
    0.733402,
    3.848951,
    1.4561,
    1.509269,
    0.828061,
    2.600249,
    0.451321
  ]
}