{
  "all": [
    0.799006,
    0.984698,
    0.345282,
    0.963717,
    0.32618,
    0.297192,
    2.045271,
    1.633241,
    0.25626,
    1.125166,
    0.998794,
    0.472768,
    0.653283,
    0.435526,
    0.481166,
    0.575173,
    0.546786,
    1.40087,
    0.951878,
    0.934288,
    0.511166,
    1.849562,
    0.580693,
    0.689382,
    1.663664,
    1.225362,
    0.526055,
    1.103273,
    0.921779,
    1.497408,
    1.688947,
    0.497032,
    1.335401,
    0.472288,
    1.473691,
    1.684424,
    1.171944,
    1.061024,
    0.862855,
    0.523295,
    0.536107,
    0.929039,
    1.208877,
    1.185232,
    1.61936,
    0.564854,
    1.477635,
    1.080701,
    1.135865,
    0.637331,
    1.146489,
    1.008085,
    1.160919,
    1.531962,
    1.356168,
    1.655803,
    1.615839,
    1.315483,
    1.144917,
    1.479549,
    0.354344,
    1.438327,
    0.33094,
    0.33377,
    4.800395,
    0.463889,
    0.264833,
    0.332456,
    0.295035,
    0.570548,
    0.715506,
    1.16159,
    0.958056,
    1.020412,
    1.111202,
    0.419305,
    1.067495,
    0.934561,
    1.840685,
    0.719321,
    1.122898,
    1.068716,
    0.706556,
    1.060711,
    0.22187,
    0.357913,
    0.661601,
    0.40028,
    1.093789,
    0.277451,
    1.068263,
    0.259595,
    0.738074,
    0.962347,
    0.880398,
    0.916526,
    1.42282,
    0.985663,
    0.319586,
    0.646196,
    1.042416,
    0.26363,
    1.56652,
    0.90764,
    0.960192,
    0.777564,
    1.065966,
    0.238684
  ],
  "51200": [
    0.799006,
    0.984698,
    0.345282,
    0.963717,
    0.32618,
    0.297192,
    2.045271,
    1.633241,
    0.25626,
    0.481166,
    0.575173,
    0.546786,
    1.40087,
    0.951878,
    0.934288,
    0.511166,
    1.849562,
    0.580693,
    0.689382,
    1.663664,
    1.225362,
    0.526055,
    1.103273,
    1.171944,
    1.061024,
    0.862855,
    0.523295,
    0.536107,
    0.929039,
    1.208877,
    1.080701,
    1.135865,
    0.637331,
    1.146489,
    1.008085,
    1.160919,
    1.531962,
    1.356168,
    1.655803,
    1.615839,
    1.315483,
    0.354344,
    1.438327,
    0.33094,
    0.33377,
    4.800395,
    0.463889,
    0.264833,
    0.332456,
    0.295035,
    0.570548,
    1.111202,
    0.419305,
    1.067495,
    0.934561,
    1.840685,
    0.719321,
    1.122898,
    0.22187,
    0.357913,
    0.661601,
    0.40028,
    1.093789,
    0.277451,
    1.068263,
    0.880398,
    0.916526,
    1.42282,
    0.985663,
    0.319586,
    0.646196,
    1.042416,
    0.26363,
    1.56652,
    0.90764,
    0.960192,
    0.777564
  ],
  "1048576": [
    1.125166,
    0.998794,
    0.472768,
    0.921779,
    1.497408,
    1.688947,
    0.497032,
    1.335401,
    0.472288,
    1.185232,
    1.61936,
    1.144917,
    0.715506,
    1.16159,
    1.068716,
    0.706556,
    1.060711,
    0.259595,
    0.738074
  ],
  "5242880": [
    0.653283,
    0.435526,
    1.473691,
    1.684424,
    0.564854,
    1.477635,
    1.479549,
    0.958056,
    1.020412,
    0.962347,
    1.065966,
    0.238684
  ]
}