{
  "all": [
    2.095995,
    2.142309,
    0.58019,
    2.160366,
    0.571049,
    0.532393,
    2.848824,
    2.633912,
    0.472455,
    4.875115,
    14.042186,
    6.106124,
    5.185139,
    8.331194,
    0.746148,
    0.857687,
    0.794446,
    1.562625,
    1.998972,
    1.999206,
    0.754586,
    2.968874,
    0.917598,
    1.440088,
    2.836591,
    2.34297,
    0.77457,
    2.346687,
    3.803875,
    6.310097,
    4.584334,
    2.3489,
    5.279565,
    2.13984,
    10.860471,
    14.640385,
    2.314934,
    2.257303,
    1.914779,
    0.93848,
    0.774266,
    1.990867,
    2.430828,
    7.404253,
    10.537735,
    10.385422,
    11.093744,
    2.285413,
    2.693226,
    1.090738,
    2.237985,
    2.07581,
    2.467556,
    2.914158,
    1.603238,
    2.803401,
    3.193736,
    1.579595,
    5.125337,
    10.872717,
    0.622583,
    2.268723,
    0.577055,
    0.566875,
    5.102516,
    0.597877,
    0.504063,
    0.562138,
    0.513123,
    0.8266,
    3.066667,
    4.707254,
    10.957587,
    11.218616,
    2.22427,
    0.66761,
    2.291094,
    2.207762,
    2.965291,
    1.174137,
    2.34707,
    4.318753,
    3.180142,
    4.408826,
    0.386018,
    0.615325,
    1.709423,
    0.673146,
    2.214366,
    0.496266,
    2.187246,
    1.114661,
    3.25278,
    11.246413,
    2.124887,
    1.978527,
    2.487843,
    2.229391,
    0.546291,
    1.720007,
    2.157229,
    0.508482,
    3.131076,
    2.053545,
    2.086416,
    1.9463,
    20.005187,
    3.143054
  ],
  "51200": [
    2.095995,
    2.142309,
    0.58019,
    2.160366,
    0.571049,
    0.532393,
    2.848824,
    2.633912,
    0.472455,
    0.746148,
    0.857687,
    0.794446,
    1.562625,
    1.998972,
    1.999206,
    0.754586,
    2.968874,
    0.917598,
    1.440088,
    2.836591,
    2.34297,
    0.77457,
    2.346687,
    2.314934,
    2.257303,
    1.914779,
    0.93848,
    0.774266,
    1.990867,
    2.430828,
    2.285413,
    2.693226,
    1.090738,
    2.237985,
    2.07581,
    2.467556,
    2.914158,
    1.603238,
    2.803401,
    3.193736,
    1.579595,
    0.622583,
    2.268723,
    0.577055,
    0.566875,
    5.102516,
    0.597877,
    0.504063,
    0.562138,
    0.513123,
    0.8266,
    2.22427,
    0.66761,
    2.291094,
    2.207762,
    2.965291,
    1.174137,
    2.34707,
    0.386018,
    0.615325,
    1.709423,
    0.673146,
    2.214366,
    0.496266,
    2.187246,
    2.124887,
    1.978527,
    2.487843,
    2.229391,
    0.546291,
    1.720007,
    2.157229,
    0.508482,
    3.131076,
    2.053545,
    2.086416,
    1.9463
  ],
  "1048576": [
    4.875115,
    14.042186,
    6.106124,
    3.803875,
    6.310097,
    4.584334,
    2.3489,
    5.279565,
    2.13984,
    7.404253,
    10.537735,
    5.125337,
    3.066667,
    4.707254,
    4.318753,
    3.180142,
    4.408826,
    1.114661,
    3.25278
  ],
  "5242880": [
    5.185139,
    8.331194,
    10.860471,
    14.640385,
    10.385422,
    11.093744,
    10.872717,
    10.957587,
    11.218616,
    11.246413,
    20.005187,
    3.143054
  ]
}