{
  "ALL": [
    [
      60.0,
      2.5
    ],
    [
      60.0,
      2.5
    ],
    [
      43.58974358974359,
      2.5641025641025643
    ],
    [
      43.58974358974359,
      2.5641025641025643
    ],
    [
      40.0,
      2.5
    ],
    [
      40.0,
      2.5
    ],
    [
      50.0,
      2.5
    ],
    [
      50.0,
      2.5
    ],
    [
      57.5,
      2.5
    ],
    [
      57.5,
      2.5
    ],
    [
      47.5,
      2.5
    ],
    [
      47.5,
      2.5
    ],
    [
      50.0,
      2.5
    ],
    [
      50.0,
      2.5
    ],
    [
      70.0,
      2.5
    ],
    [
      70.0,
      2.5
    ]
  ],
  "TIMEOUT": [
    [
      60.0,
      2.5
    ],
    [
      43.58974358974359,
      2.5641025641025643
    ],
    [
      40.0,
      2.5
    ],
    [
      50.0,
      2.5
    ],
    [
      57.5,
      2.5
    ],
    [
      47.5,
      2.5
    ],
    [
      50.0,
      2.5
    ],
    [
      70.0,
      2.5
    ]
  ]
}