{
  "all": [
    5.852113,
    5.781696,
    1.877735,
    9.169233,
    10.280219,
    9.245445,
    10.148003,
    9.841719,
    9.172744,
    0.844531,
    2.124019,
    1.997137,
    32.78514,
    4.12802,
    52.185388,
    32.751918,
    6.21703,
    2.761424,
    0.845919,
    5.290387,
    6.22889,
    9.250158,
    4.889299,
    1.090839,
    9.991266,
    0.630981,
    2.43044,
    8.681844,
    9.238325,
    10.051435,
    2.314439,
    10.259057,
    7.294536,
    0.892094,
    3.207934,
    2.244973,
    111.018527,
    4.724991,
    5.816379,
    1.453373,
    4.13315,
    8.67504,
    7.110248,
    0.917406,
    4.785935,
    0.638524,
    9.322735,
    9.455297,
    9.47302,
    9.332344,
    9.923382,
    10.077496,
    9.76321,
    1.312976,
    0.890485,
    7.229644,
    1.232832,
    2.172094,
    1.00348,
    10.4084,
    44.955664,
    2.704676,
    6.26572,
    1.912029,
    1.833866,
    0.741926,
    6.763503,
    8.463419,
    8.359958,
    10.229123,
    0.970886,
    9.337836,
    5.639972,
    1.728305,
    10.020767,
    10.041041,
    1.095524,
    2.182696,
    46.661424,
    2.402165,
    54.091814,
    12.018439,
    6.103729,
    8.98496,
    6.771599,
    9.149172,
    3.183234,
    8.709481,
    1.414081,
    9.188529,
    10.58128,
    10.30253,
    1.125903,
    4.966249,
    16.676785,
    4.395531,
    5.680842,
    2.362159,
    8.05092,
    5.105175,
    7.452724,
    5.286705,
    4.809413,
    7.29989,
    1.194824,
    2.132411,
    10.640615,
    9.050928,
    9.382078,
    3.91929,
    10.561445,
    11.15102,
    10.176549,
    9.391837,
    10.822239,
    55.347105,
    2.802141,
    54.198019,
    15.272475,
    24.530125,
    5.381417,
    8.733234,
    1.991299,
    6.523854,
    7.421353,
    9.814145,
    8.983431,
    1.436051,
    9.624049,
    9.41127,
    10.017864,
    10.165528,
    10.550709,
    0.70174,
    1.35214,
    1.1021,
    1.404661,
    43.582401,
    3.10046,
    16.517083,
    5.917351,
    5.133201,
    7.997178,
    6.01076,
    4.061462,
    0.69543,
    9.874688,
    1.043427,
    4.13489,
    23.517457,
    6.366497,
    5.3098
  ],
  "51200": [
    5.852113,
    5.781696,
    1.877735,
    9.169233,
    10.280219,
    9.245445,
    10.148003,
    9.841719,
    9.172744,
    0.844531,
    2.124019,
    1.997137,
    6.21703,
    2.761424,
    0.845919,
    5.290387,
    6.22889,
    9.250158,
    4.889299,
    1.090839,
    9.991266,
    0.630981,
    2.43044,
    8.681844,
    9.238325,
    10.051435,
    2.314439,
    10.259057,
    7.294536,
    0.892094,
    5.816379,
    1.453373,
    4.13315,
    8.67504,
    7.110248,
    0.917406,
    4.785935,
    0.638524,
    9.322735,
    9.455297,
    9.47302,
    9.332344,
    9.923382,
    10.077496,
    9.76321,
    1.312976,
    0.890485,
    7.229644,
    1.232832,
    2.172094,
    1.00348,
    6.26572,
    1.912029,
    1.833866,
    0.741926,
    6.763503,
    8.463419,
    8.359958,
    10.229123,
    0.970886,
    9.337836,
    5.639972,
    1.728305,
    10.020767,
    10.041041,
    1.095524,
    2.182696,
    6.103729,
    8.98496,
    6.771599,
    9.149172,
    3.183234,
    8.709481,
    1.414081,
    9.188529,
    10.58128,
    10.30253,
    1.125903,
    4.966249,
    5.105175,
    7.452724,
    5.286705,
    4.809413,
    7.29989,
    1.194824,
    2.132411,
    10.640615,
    9.050928,
    9.382078,
    3.91929,
    10.561445,
    11.15102,
    10.176549,
    9.391837,
    10.822239,
    5.381417,
    8.733234,
    1.991299,
    6.523854,
    7.421353,
    9.814145,
    8.983431,
    1.436051,
    9.624049,
    9.41127,
    10.017864,
    10.165528,
    10.550709,
    0.70174,
    1.35214,
    1.1021,
    1.404661,
    5.917351,
    5.133201,
    7.997178,
    6.01076,
    4.061462,
    0.69543,
    9.874688,
    1.043427
  ],
  "1048576": [
    32.78514,
    4.12802,
    52.185388,
    3.207934,
    2.244973,
    10.4084,
    44.955664,
    2.704676,
    46.661424,
    2.402165,
    54.091814,
    16.676785,
    4.395531,
    5.680842,
    2.362159,
    55.347105,
    2.802141,
    43.582401,
    3.10046,
    4.13489,
    23.517457,
    6.366497
  ],
  "5242880": [
    32.751918,
    111.018527,
    4.724991,
    12.018439,
    8.05092,
    54.198019,
    15.272475,
    24.530125,
    16.517083,
    5.3098
  ]
}