{
  "all": [
    2.418016,
    2.598448,
    1.019265,
    3.245549,
    3.478016,
    3.55615,
    3.408257,
    3.373724,
    3.180604,
    0.54873,
    0.920717,
    1.636547,
    5.150288,
    1.161705,
    5.13544,
    2.847019,
    2.910205,
    1.226204,
    0.415881,
    2.380294,
    2.172743,
    3.168537,
    4.490031,
    0.517628,
    3.874082,
    0.329653,
    1.110222,
    2.995173,
    3.142793,
    3.471294,
    1.085705,
    3.684025,
    3.118235,
    0.43322,
    0.752801,
    0.47348,
    2.500603,
    0.40049,
    2.989258,
    1.11396,
    1.935445,
    4.405134,
    3.203474,
    0.609943,
    3.81378,
    0.376602,
    3.605684,
    3.300352,
    3.245148,
    3.218056,
    3.528213,
    3.594849,
    3.670572,
    0.856006,
    0.573251,
    3.045454,
    0.674826,
    0.942701,
    0.535314,
    2.637046,
    3.524727,
    0.589753,
    3.110797,
    1.293665,
    1.671111,
    0.497658,
    2.427676,
    2.946891,
    3.062469,
    3.406195,
    0.561233,
    3.618489,
    4.312612,
    1.211532,
    3.523954,
    3.584518,
    0.546602,
    1.30755,
    4.654733,
    0.629609,
    3.617287,
    0.410639,
    2.603537,
    3.104527,
    3.011072,
    4.293044,
    2.889882,
    3.755756,
    0.642164,
    3.106114,
    3.953507,
    3.816727,
    0.629672,
    4.371112,
    4.720108,
    1.049555,
    1.184745,
    0.545407,
    0.418425,
    2.301455,
    2.589092,
    2.529897,
    4.396773,
    2.697339,
    0.778773,
    1.569531,
    3.621787,
    3.345816,
    3.361294,
    3.080785,
    3.791314,
    3.887914,
    3.736871,
    3.708186,
    3.897143,
    3.371688,
    0.546611,
    8.315685,
    1.354209,
    1.741563,
    2.391054,
    5.461354,
    1.132154,
    2.371726,
    2.6809,
    3.45287,
    3.494912,
    0.907899,
    3.461516,
    3.303998,
    3.609417,
    3.740557,
    4.155396,
    0.505231,
    0.84518,
    0.618168,
    0.733605,
    3.207939,
    0.684584,
    1.252272,
    2.77698,
    2.207114,
    5.166172,
    1.973068,
    3.263788,
    0.470783,
    3.500986,
    0.593677,
    1.376616,
    13.512103,
    2.577392,
    0.412231
  ],
  "51200": [
    2.418016,
    2.598448,
    1.019265,
    3.245549,
    3.478016,
    3.55615,
    3.408257,
    3.373724,
    3.180604,
    0.54873,
    0.920717,
    1.636547,
    2.910205,
    1.226204,
    0.415881,
    2.380294,
    2.172743,
    3.168537,
    4.490031,
    0.517628,
    3.874082,
    0.329653,
    1.110222,
    2.995173,
    3.142793,
    3.471294,
    1.085705,
    3.684025,
    3.118235,
    0.43322,
    2.989258,
    1.11396,
    1.935445,
    4.405134,
    3.203474,
    0.609943,
    3.81378,
    0.376602,
    3.605684,
    3.300352,
    3.245148,
    3.218056,
    3.528213,
    3.594849,
    3.670572,
    0.856006,
    0.573251,
    3.045454,
    0.674826,
    0.942701,
    0.535314,
    3.110797,
    1.293665,
    1.671111,
    0.497658,
    2.427676,
    2.946891,
    3.062469,
    3.406195,
    0.561233,
    3.618489,
    4.312612,
    1.211532,
    3.523954,
    3.584518,
    0.546602,
    1.30755,
    2.603537,
    3.104527,
    3.011072,
    4.293044,
    2.889882,
    3.755756,
    0.642164,
    3.106114,
    3.953507,
    3.816727,
    0.629672,
    4.371112,
    2.301455,
    2.589092,
    2.529897,
    4.396773,
    2.697339,
    0.778773,
    1.569531,
    3.621787,
    3.345816,
    3.361294,
    3.080785,
    3.791314,
    3.887914,
    3.736871,
    3.708186,
    3.897143,
    2.391054,
    5.461354,
    1.132154,
    2.371726,
    2.6809,
    3.45287,
    3.494912,
    0.907899,
    3.461516,
    3.303998,
    3.609417,
    3.740557,
    4.155396,
    0.505231,
    0.84518,
    0.618168,
    0.733605,
    2.77698,
    2.207114,
    5.166172,
    1.973068,
    3.263788,
    0.470783,
    3.500986,
    0.593677
  ],
  "1048576": [
    5.150288,
    1.161705,
    5.13544,
    0.752801,
    0.47348,
    2.637046,
    3.524727,
    0.589753,
    4.654733,
    0.629609,
    3.617287,
    4.720108,
    1.049555,
    1.184745,
    0.545407,
    3.371688,
    0.546611,
    3.207939,
    0.684584,
    1.376616,
    13.512103,
    2.577392
  ],
  "5242880": [
    2.847019,
    2.500603,
    0.40049,
    0.410639,
    0.418425,
    8.315685,
    1.354209,
    1.741563,
    1.252272,
    0.412231
  ]
}