{
  "ALL": [
    [
      82.05128205128206,
      2.5641025641025643
    ],
    [
      82.05128205128206,
      2.5641025641025643
    ],
    [
      87.5,
      2.5
    ],
    [
      87.5,
      2.5
    ],
    [
      78.04878048780488,
      2.4390243902439024
    ],
    [
      78.04878048780488,
      2.4390243902439024
    ],
    [
      75.0,
      2.5
    ],
    [
      75.0,
      2.5
    ],
    [
      72.5,
      2.5
    ],
    [
      72.5,
      2.5
    ],
    [
      84.61538461538461,
      2.5641025641025643
    ],
    [
      84.61538461538461,
      2.5641025641025643
    ],
    [
      71.7948717948718,
      2.5641025641025643
    ],
    [
      71.7948717948718,
      2.5641025641025643
    ],
    [
      72.5,
      2.5
    ],
    [
      72.5,
      2.5
    ]
  ],
  "TIMEOUT": [
    [
      82.05128205128206,
      2.5641025641025643
    ],
    [
      87.5,
      2.5
    ],
    [
      78.04878048780488,
      2.4390243902439024
    ],
    [
      75.0,
      2.5
    ],
    [
      72.5,
      2.5
    ],
    [
      84.61538461538461,
      2.5641025641025643
    ],
    [
      71.7948717948718,
      2.5641025641025643
    ],
    [
      72.5,
      2.5
    ]
  ]
}