{
  "ALL": [
    [
      74.35897435897436,
      2.5641025641025643
    ],
    [
      74.35897435897436,
      2.5641025641025643
    ],
    [
      87.5,
      2.5
    ],
    [
      87.5,
      2.5
    ],
    [
      92.5,
      2.5
    ],
    [
      92.5,
      2.5
    ],
    [
      75.60975609756098,
      2.4390243902439024
    ],
    [
      75.60975609756098,
      2.4390243902439024
    ],
    [
      87.5,
      2.5
    ],
    [
      87.5,
      2.5
    ],
    [
      87.5,
      2.5
    ],
    [
      87.5,
      2.5
    ],
    [
      73.17073170731707,
      2.4390243902439024
    ],
    [
      73.17073170731707,
      2.4390243902439024
    ],
    [
      82.5,
      2.5
    ],
    [
      82.5,
      2.5
    ]
  ],
  "TIMEOUT": [
    [
      74.35897435897436,
      2.5641025641025643
    ],
    [
      87.5,
      2.5
    ],
    [
      92.5,
      2.5
    ],
    [
      75.60975609756098,
      2.4390243902439024
    ],
    [
      87.5,
      2.5
    ],
    [
      87.5,
      2.5
    ],
    [
      73.17073170731707,
      2.4390243902439024
    ],
    [
      82.5,
      2.5
    ]
  ]
}