{
  "ALL": [
    [
      90.0,
      2.5
    ],
    [
      90.0,
      2.5
    ],
    [
      87.5,
      2.5
    ],
    [
      87.5,
      2.5
    ],
    [
      85.0,
      2.5
    ],
    [
      85.0,
      2.5
    ],
    [
      90.0,
      2.5
    ],
    [
      90.0,
      2.5
    ],
    [
      79.48717948717949,
      2.5641025641025643
    ],
    [
      79.48717948717949,
      2.5641025641025643
    ],
    [
      87.5,
      2.5
    ],
    [
      87.5,
      2.5
    ],
    [
      87.5,
      2.5
    ],
    [
      87.5,
      2.5
    ],
    [
      87.8048780487805,
      2.4390243902439024
    ],
    [
      87.8048780487805,
      2.4390243902439024
    ]
  ],
  "TIMEOUT": [
    [
      90.0,
      2.5
    ],
    [
      87.5,
      2.5
    ],
    [
      85.0,
      2.5
    ],
    [
      90.0,
      2.5
    ],
    [
      79.48717948717949,
      2.5641025641025643
    ],
    [
      87.5,
      2.5
    ],
    [
      87.5,
      2.5
    ],
    [
      87.8048780487805,
      2.4390243902439024
    ]
  ]
}