{
  "ALL": [
    [
      87.5,
      2.5
    ],
    [
      87.5,
      2.5
    ],
    [
      82.92682926829268,
      2.4390243902439024
    ],
    [
      82.92682926829268,
      2.4390243902439024
    ],
    [
      92.3076923076923,
      2.5641025641025643
    ],
    [
      92.3076923076923,
      2.5641025641025643
    ],
    [
      78.04878048780488,
      2.4390243902439024
    ],
    [
      78.04878048780488,
      2.4390243902439024
    ],
    [
      72.5,
      2.5
    ],
    [
      72.5,
      2.5
    ],
    [
      72.5,
      2.5
    ],
    [
      72.5,
      2.5
    ],
    [
      82.5,
      2.5
    ],
    [
      82.5,
      2.5
    ],
    [
      85.0,
      2.5
    ],
    [
      85.0,
      2.5
    ]
  ],
  "TIMEOUT": [
    [
      87.5,
      2.5
    ],
    [
      82.92682926829268,
      2.4390243902439024
    ],
    [
      92.3076923076923,
      2.5641025641025643
    ],
    [
      78.04878048780488,
      2.4390243902439024
    ],
    [
      72.5,
      2.5
    ],
    [
      72.5,
      2.5
    ],
    [
      82.5,
      2.5
    ],
    [
      85.0,
      2.5
    ]
  ]
}