{
  "ALL": [
    [
      82.5,
      2.5
    ],
    [
      82.5,
      2.5
    ],
    [
      95.0,
      2.5
    ],
    [
      95.0,
      2.5
    ],
    [
      64.1025641025641,
      2.5641025641025643
    ],
    [
      64.1025641025641,
      2.5641025641025643
    ],
    [
      82.5,
      2.5
    ],
    [
      82.5,
      2.5
    ],
    [
      75.0,
      2.5
    ],
    [
      75.0,
      2.5
    ],
    [
      85.0,
      2.5
    ],
    [
      85.0,
      2.5
    ],
    [
      87.5,
      2.5
    ],
    [
      87.5,
      2.5
    ],
    [
      87.8048780487805,
      2.4390243902439024
    ],
    [
      87.8048780487805,
      2.4390243902439024
    ]
  ],
  "TIMEOUT": [
    [
      82.5,
      2.5
    ],
    [
      95.0,
      2.5
    ],
    [
      64.1025641025641,
      2.5641025641025643
    ],
    [
      82.5,
      2.5
    ],
    [
      75.0,
      2.5
    ],
    [
      85.0,
      2.5
    ],
    [
      87.5,
      2.5
    ],
    [
      87.8048780487805,
      2.4390243902439024
    ]
  ]
}