{
  "ALL": [
    [
      56.41025641025641,
      2.5641025641025643
    ],
    [
      56.41025641025641,
      2.5641025641025643
    ],
    [
      60.0,
      2.5
    ],
    [
      60.0,
      2.5
    ],
    [
      72.5,
      2.5
    ],
    [
      72.5,
      2.5
    ],
    [
      60.0,
      2.5
    ],
    [
      60.0,
      2.5
    ],
    [
      57.5,
      2.5
    ],
    [
      57.5,
      2.5
    ],
    [
      72.5,
      2.5
    ],
    [
      72.5,
      2.5
    ],
    [
      67.5,
      2.5
    ],
    [
      67.5,
      2.5
    ],
    [
      72.5,
      2.5
    ],
    [
      72.5,
      2.5
    ]
  ],
  "TIMEOUT": [
    [
      56.41025641025641,
      2.5641025641025643
    ],
    [
      60.0,
      2.5
    ],
    [
      72.5,
      2.5
    ],
    [
      60.0,
      2.5
    ],
    [
      57.5,
      2.5
    ],
    [
      72.5,
      2.5
    ],
    [
      67.5,
      2.5
    ],
    [
      72.5,
      2.5
    ]
  ]
}