{
  "all": [
    0.988901,
    0.645882,
    0.648483,
    1.831077,
    0.678392,
    0.67639,
    1.559227,
    1.38888,
    8.082117,
    1.99078,
    1.488904,
    0.611307,
    1.902923,
    2.73516,
    5.608034,
    10.41852,
    7.979656,
    1.010666,
    0.91814,
    0.704937,
    0.810584,
    1.207902,
    1.460442,
    0.580322,
    2.052473,
    5.139061,
    2.651977,
    11.20528,
    6.613353,
    5.985098,
    2.149088,
    6.96007,
    9.314717,
    10.558179,
    0.731562,
    1.05997,
    0.715472,
    1.087129,
    0.498736,
    1.970149,
    2.0817,
    1.208183,
    8.741031,
    4.486423,
    0.435621,
    0.893697,
    0.627805,
    0.924198,
    0.568507,
    0.580392,
    0.563206,
    0.470381,
    1.564319,
    2.513582,
    1.874627,
    1.297286,
    5.16144,
    1.493474,
    4.786813,
    4.771436,
    1.442434,
    0.944271,
    0.773375,
    0.68104,
    1.163465,
    1.655629,
    3.781628,
    1.461422,
    2.059522,
    1.288392,
    1.457804,
    0.66516,
    7.045919,
    2.131473,
    10.766686,
    5.155285,
    29.718995,
    0.93976,
    1.085393,
    0.618453,
    4.188814,
    1.642567,
    1.637959,
    1.127936,
    1.250038,
    1.253467,
    1.667857,
    4.645396,
    1.48338,
    0.587303,
    1.450917,
    0.822725,
    2.236803,
    0.4764,
    1.304343,
    1.573251,
    2.16214,
    2.569542,
    1.286805,
    1.506852,
    1.7765,
    0.722584,
    5.837346,
    0.914996,
    0.755671,
    0.685496,
    2.515219,
    1.631092,
    2.039092,
    7.593072,
    64.249922,
    29.037902
  ],
  "51200": [
    0.988901,
    0.645882,
    0.648483,
    1.831077,
    0.678392,
    0.67639,
    1.559227,
    1.38888,
    8.082117,
    1.99078,
    1.488904,
    0.611307,
    1.902923,
    1.010666,
    0.91814,
    0.704937,
    0.810584,
    1.207902,
    1.460442,
    0.580322,
    2.052473,
    10.558179,
    0.731562,
    1.05997,
    0.715472,
    1.087129,
    0.498736,
    1.970149,
    2.0817,
    1.208183,
    0.435621,
    0.893697,
    0.627805,
    0.924198,
    0.568507,
    0.580392,
    0.563206,
    0.470381,
    1.564319,
    2.513582,
    1.874627,
    1.297286,
    1.442434,
    0.944271,
    0.773375,
    0.68104,
    1.163465,
    1.655629,
    3.781628,
    1.461422,
    2.059522,
    1.288392,
    1.457804,
    0.66516,
    0.93976,
    1.085393,
    0.618453,
    4.188814,
    1.642567,
    1.637959,
    1.127936,
    1.250038,
    1.48338,
    0.587303,
    1.450917,
    0.822725,
    2.236803,
    0.4764,
    1.304343,
    0.722584,
    5.837346,
    0.914996,
    0.755671,
    0.685496,
    2.515219,
    1.631092,
    2.039092
  ],
  "1048576": [
    2.73516,
    5.608034,
    5.139061,
    2.651977,
    11.20528,
    6.613353,
    5.985098,
    2.149088,
    8.741031,
    5.16144,
    1.493474,
    4.786813,
    7.045919,
    2.131473,
    10.766686,
    5.155285,
    1.253467,
    1.667857,
    1.573251,
    2.16214,
    2.569542,
    1.286805,
    1.506852,
    1.7765,
    7.593072
  ],
  "5242880": [
    10.41852,
    7.979656,
    6.96007,
    9.314717,
    4.486423,
    4.771436,
    29.718995,
    4.645396,
    64.249922,
    29.037902
  ]
}