{
  "all": [
    0.533795,
    0.43285,
    0.384115,
    1.511505,
    0.445731,
    0.397968,
    0.835084,
    0.666744,
    4.720399,
    0.972281,
    1.327955,
    0.393731,
    1.410964,
    0.652078,
    1.448002,
    0.567144,
    0.642625,
    0.529882,
    0.486312,
    0.467661,
    0.48563,
    0.630651,
    1.306707,
    0.350831,
    1.44786,
    0.58568,
    0.651618,
    0.764568,
    0.599446,
    0.847097,
    0.429399,
    0.418592,
    1.357698,
    5.247274,
    0.436716,
    0.478355,
    0.393587,
    0.489812,
    0.262521,
    1.360127,
    1.360093,
    0.971642,
    1.060693,
    0.369047,
    0.280074,
    0.443276,
    0.362351,
    0.501401,
    0.293684,
    0.348761,
    0.340291,
    0.23649,
    0.687662,
    1.694312,
    0.927298,
    0.526552,
    1.272534,
    0.326822,
    0.807443,
    0.483841,
    0.68583,
    0.49088,
    0.444225,
    0.437941,
    0.673119,
    0.910777,
    3.478357,
    0.704624,
    1.453232,
    0.743627,
    0.716107,
    0.444652,
    1.949983,
    0.409569,
    0.717502,
    1.352333,
    0.717502,
    0.490384,
    0.627265,
    0.383738,
    3.430532,
    1.321444,
    1.276359,
    0.529973,
    0.590694,
    0.296044,
    0.407822,
    0.299664,
    0.969754,
    0.357406,
    1.124453,
    0.373854,
    1.363712,
    0.256893,
    0.565095,
    0.369502,
    0.520343,
    0.629477,
    0.288978,
    0.314623,
    0.4275,
    0.501398,
    1.989124,
    0.595747,
    0.530387,
    0.512416,
    1.638257,
    1.204426,
    1.326277,
    2.139436,
    0.851491,
    1.146939
  ],
  "51200": [
    0.533795,
    0.43285,
    0.384115,
    1.511505,
    0.445731,
    0.397968,
    0.835084,
    0.666744,
    4.720399,
    0.972281,
    1.327955,
    0.393731,
    1.410964,
    0.529882,
    0.486312,
    0.467661,
    0.48563,
    0.630651,
    1.306707,
    0.350831,
    1.44786,
    5.247274,
    0.436716,
    0.478355,
    0.393587,
    0.489812,
    0.262521,
    1.360127,
    1.360093,
    0.971642,
    0.280074,
    0.443276,
    0.362351,
    0.501401,
    0.293684,
    0.348761,
    0.340291,
    0.23649,
    0.687662,
    1.694312,
    0.927298,
    0.526552,
    0.68583,
    0.49088,
    0.444225,
    0.437941,
    0.673119,
    0.910777,
    3.478357,
    0.704624,
    1.453232,
    0.743627,
    0.716107,
    0.444652,
    0.490384,
    0.627265,
    0.383738,
    3.430532,
    1.321444,
    1.276359,
    0.529973,
    0.590694,
    0.969754,
    0.357406,
    1.124453,
    0.373854,
    1.363712,
    0.256893,
    0.565095,
    0.501398,
    1.989124,
    0.595747,
    0.530387,
    0.512416,
    1.638257,
    1.204426,
    1.326277
  ],
  "1048576": [
    0.652078,
    1.448002,
    0.58568,
    0.651618,
    0.764568,
    0.599446,
    0.847097,
    0.429399,
    1.060693,
    1.272534,
    0.326822,
    0.807443,
    1.949983,
    0.409569,
    0.717502,
    1.352333,
    0.296044,
    0.407822,
    0.369502,
    0.520343,
    0.629477,
    0.288978,
    0.314623,
    0.4275,
    2.139436
  ],
  "5242880": [
    0.567144,
    0.642625,
    0.418592,
    1.357698,
    0.369047,
    0.483841,
    0.717502,
    0.299664,
    0.851491,
    1.146939
  ]
}