{
  "ALL": [
    [
      43.58974358974359,
      2.5641025641025643
    ],
    [
      43.58974358974359,
      2.5641025641025643
    ],
    [
      50.0,
      2.5
    ],
    [
      50.0,
      2.5
    ],
    [
      42.5,
      2.5
    ],
    [
      42.5,
      2.5
    ],
    [
      38.46153846153846,
      2.5641025641025643
    ],
    [
      38.46153846153846,
      2.5641025641025643
    ],
    [
      55.0,
      2.5
    ],
    [
      55.0,
      2.5
    ],
    [
      45.0,
      2.5
    ],
    [
      45.0,
      2.5
    ],
    [
      32.5,
      2.5
    ],
    [
      32.5,
      2.5
    ],
    [
      48.717948717948715,
      2.5641025641025643
    ],
    [
      48.717948717948715,
      2.5641025641025643
    ]
  ],
  "TIMEOUT": [
    [
      43.58974358974359,
      2.5641025641025643
    ],
    [
      50.0,
      2.5
    ],
    [
      42.5,
      2.5
    ],
    [
      38.46153846153846,
      2.5641025641025643
    ],
    [
      55.0,
      2.5
    ],
    [
      45.0,
      2.5
    ],
    [
      32.5,
      2.5
    ],
    [
      48.717948717948715,
      2.5641025641025643
    ]
  ]
}