{
  "all": [
    2.945842,
    1.155162,
    3.974657,
    1.41759,
    4.197358,
    3.300041,
    3.84966,
    1.804512,
    6.389001,
    2.906615,
    1.252912,
    0.981774,
    0.836787,
    3.188837,
    0.916123,
    1.463816,
    0.605756,
    1.198278,
    2.431425,
    1.662223,
    1.67932,
    3.808711,
    6.817014,
    2.327588,
    2.472122,
    4.149914,
    4.334539,
    2.501387,
    0.735469,
    0.819395,
    1.95177,
    0.69938,
    1.696116,
    0.949897,
    1.185465,
    7.702254,
    2.49468,
    2.831683,
    1.476744,
    3.218242,
    0.806898,
    1.816285,
    4.581596,
    2.768156,
    2.102763,
    2.407134,
    2.217325,
    2.831524,
    3.905828,
    1.872657,
    1.400097,
    1.525232,
    1.514809,
    0.545297,
    0.414678,
    5.443069,
    1.001303,
    0.820132,
    2.762826,
    3.500211,
    3.842621,
    0.585524,
    2.644213,
    3.0551,
    0.82192,
    1.512038,
    2.513921,
    2.403589,
    0.946877,
    1.018771,
    0.64917,
    0.813466,
    3.061901,
    0.900361,
    3.782752,
    4.109939,
    3.373068,
    3.090613,
    3.725817,
    2.91645,
    3.193584,
    0.465156,
    4.158543,
    1.83595,
    1.253293,
    7.260225,
    6.75103,
    2.459864,
    2.371037,
    3.114666,
    1.00124,
    2.739327,
    2.685622,
    1.570076,
    0.611975,
    2.412849,
    2.784436,
    2.977366,
    1.2788,
    1.478043,
    2.559637,
    0.826903,
    4.02946,
    0.486822,
    0.628006,
    1.594806,
    0.525723,
    2.321321,
    2.926534,
    2.071261,
    5.9181,
    1.233899,
    3.744748,
    2.74401,
    2.874297,
    2.842165,
    2.723462,
    0.557395,
    1.125893,
    0.611308,
    1.307066,
    4.849807,
    1.138122,
    1.25289,
    0.665309,
    0.603176,
    2.234768,
    0.98387,
    2.718077,
    2.960876,
    1.751276,
    4.746853,
    4.066001,
    0.889988,
    2.609343,
    0.822482,
    3.284918,
    3.500571,
    0.624715,
    1.261882,
    0.822562,
    0.581138,
    3.703078,
    0.647643,
    3.117251,
    0.89889,
    0.597203,
    3.315825,
    3.223439,
    2.065923,
    7.135377,
    2.018899,
    2.982067,
    2.603375,
    1.032362,
    1.4351,
    2.85597,
    3.053352,
    2.715327,
    0.766368,
    2.703671,
    1.966879,
    2.765123,
    0.764716,
    1.393943,
    1.892107,
    0.937054,
    1.183206,
    0.54014,
    7.031463,
    2.270369,
    0.765969,
    2.911145,
    1.513489,
    1.800543,
    2.665006
  ],
  "51200": [
    2.945842,
    1.155162,
    3.974657,
    1.41759,
    4.197358,
    3.300041,
    3.84966,
    1.804512,
    6.389001,
    2.906615,
    1.252912,
    0.981774,
    0.836787,
    3.188837,
    0.916123,
    6.817014,
    2.327588,
    2.472122,
    4.149914,
    4.334539,
    2.501387,
    0.735469,
    0.819395,
    1.95177,
    0.69938,
    1.696116,
    0.949897,
    1.185465,
    4.581596,
    2.768156,
    2.102763,
    2.407134,
    2.217325,
    2.831524,
    3.905828,
    1.872657,
    1.400097,
    1.525232,
    1.514809,
    0.545297,
    0.414678,
    5.443069,
    1.001303,
    0.820132,
    2.762826,
    3.500211,
    1.512038,
    2.513921,
    2.403589,
    0.946877,
    1.018771,
    0.64917,
    0.813466,
    3.061901,
    0.900361,
    3.782752,
    4.109939,
    3.373068,
    3.090613,
    3.725817,
    2.91645,
    3.193584,
    0.465156,
    4.158543,
    1.83595,
    1.253293,
    7.260225,
    6.75103,
    2.459864,
    3.114666,
    1.00124,
    2.739327,
    2.685622,
    1.570076,
    0.611975,
    2.412849,
    2.784436,
    2.977366,
    1.2788,
    1.478043,
    2.321321,
    2.926534,
    2.071261,
    5.9181,
    1.233899,
    3.744748,
    2.74401,
    2.874297,
    2.842165,
    2.723462,
    0.557395,
    1.125893,
    0.611308,
    1.307066,
    4.849807,
    1.138122,
    1.25289,
    0.665309,
    2.960876,
    1.751276,
    4.746853,
    4.066001,
    0.889988,
    2.609343,
    0.822482,
    3.284918,
    3.500571,
    0.624715,
    1.261882,
    0.822562,
    0.581138,
    3.703078,
    0.647643,
    3.117251,
    0.89889,
    0.597203,
    2.85597,
    3.053352,
    2.715327,
    0.766368,
    2.703671,
    1.966879,
    2.765123,
    0.764716,
    1.393943,
    1.892107,
    0.937054,
    1.183206,
    0.54014,
    7.031463
  ],
  "1048576": [
    1.463816,
    0.605756,
    1.198278,
    2.431425,
    1.662223,
    7.702254,
    2.49468,
    2.831683,
    1.476744,
    3.218242,
    3.842621,
    0.585524,
    2.644213,
    2.371037,
    2.559637,
    0.826903,
    4.02946,
    0.486822,
    0.628006,
    0.603176,
    2.234768,
    3.315825,
    3.223439,
    2.065923,
    7.135377,
    2.018899,
    2.270369,
    0.765969,
    2.911145,
    1.513489
  ],
  "5242880": [
    1.67932,
    3.808711,
    0.806898,
    1.816285,
    3.0551,
    0.82192,
    1.594806,
    0.525723,
    0.98387,
    2.718077,
    2.982067,
    2.603375,
    1.032362,
    1.4351,
    1.800543,
    2.665006
  ]
}