{
  "ALL": [
    [
      74.35897435897436,
      2.5641025641025643
    ],
    [
      74.35897435897436,
      2.5641025641025643
    ],
    [
      82.5,
      2.5
    ],
    [
      82.5,
      2.5
    ],
    [
      82.5,
      2.5
    ],
    [
      82.5,
      2.5
    ],
    [
      77.5,
      2.5
    ],
    [
      77.5,
      2.5
    ],
    [
      89.74358974358974,
      2.5641025641025643
    ],
    [
      89.74358974358974,
      2.5641025641025643
    ],
    [
      79.48717948717949,
      2.5641025641025643
    ],
    [
      79.48717948717949,
      2.5641025641025643
    ],
    [
      92.85714285714286,
      2.380952380952381
    ],
    [
      92.85714285714286,
      2.380952380952381
    ],
    [
      79.48717948717949,
      2.5641025641025643
    ],
    [
      79.48717948717949,
      2.5641025641025643
    ]
  ],
  "TIMEOUT": [
    [
      74.35897435897436,
      2.5641025641025643
    ],
    [
      82.5,
      2.5
    ],
    [
      82.5,
      2.5
    ],
    [
      77.5,
      2.5
    ],
    [
      89.74358974358974,
      2.5641025641025643
    ],
    [
      79.48717948717949,
      2.5641025641025643
    ],
    [
      92.85714285714286,
      2.380952380952381
    ],
    [
      79.48717948717949,
      2.5641025641025643
    ]
  ]
}