{
  "ALL": [
    [
      58.97435897435897,
      2.5641025641025643
    ],
    [
      58.97435897435897,
      2.5641025641025643
    ],
    [
      50.0,
      2.5
    ],
    [
      50.0,
      2.5
    ],
    [
      46.34146341463415,
      2.4390243902439024
    ],
    [
      46.34146341463415,
      2.4390243902439024
    ],
    [
      60.97560975609756,
      2.4390243902439024
    ],
    [
      60.97560975609756,
      2.4390243902439024
    ],
    [
      60.0,
      2.5
    ],
    [
      60.0,
      2.5
    ],
    [
      58.53658536585366,
      2.4390243902439024
    ],
    [
      58.53658536585366,
      2.4390243902439024
    ],
    [
      70.0,
      2.5
    ],
    [
      70.0,
      2.5
    ],
    [
      67.5,
      2.5
    ],
    [
      67.5,
      2.5
    ]
  ],
  "TIMEOUT": [
    [
      58.97435897435897,
      2.5641025641025643
    ],
    [
      50.0,
      2.5
    ],
    [
      46.34146341463415,
      2.4390243902439024
    ],
    [
      60.97560975609756,
      2.4390243902439024
    ],
    [
      60.0,
      2.5
    ],
    [
      58.53658536585366,
      2.4390243902439024
    ],
    [
      70.0,
      2.5
    ],
    [
      67.5,
      2.5
    ]
  ]
}