{
  "all": [
    0.351481,
    1.236944,
    0.279595,
    1.606517,
    0.595008,
    0.551503,
    0.306225,
    1.187333,
    0.746786,
    1.325757,
    0.255175,
    0.748573,
    1.269867,
    0.363498,
    0.578972,
    0.886186,
    0.653354,
    5.048209,
    0.565122,
    0.404608,
    0.581396,
    0.418613,
    0.559408,
    8.669512,
    0.410533,
    1.288897,
    0.678217,
    0.426581,
    2.023185,
    1.346044,
    1.372638,
    0.655435,
    0.566616,
    0.407596,
    0.438401,
    0.652635,
    6.152891,
    0.557556,
    0.25841,
    0.335694,
    0.563309,
    0.579615,
    0.648199,
    0.662277,
    0.640076,
    0.576916,
    1.305551,
    0.467503,
    0.680619,
    0.571811,
    0.44612,
    0.572295,
    0.392977,
    0.88662,
    0.484222,
    3.355502,
    0.370264,
    0.264601,
    2.607332,
    0.31675,
    0.332211,
    0.51017,
    0.54605,
    0.875287,
    0.312908,
    0.568551,
    0.542763,
    0.320046,
    0.327149,
    0.670065,
    0.33263,
    0.493808,
    0.324757,
    0.529383,
    3.236484,
    0.325816,
    0.339065,
    4.907207,
    0.440598,
    0.592349,
    0.512397,
    0.312001,
    0.345351,
    0.324324,
    0.36197,
    0.329569,
    0.369832,
    0.305564,
    0.475588,
    0.39894,
    0.438864,
    0.505582,
    1.17839,
    0.180699,
    0.480255,
    0.267547,
    0.337315,
    0.504155,
    0.522994,
    0.364723,
    1.274305,
    2.325738,
    0.489375,
    0.492401,
    0.802919,
    1.235385,
    0.283929,
    0.426762,
    0.609115,
    0.372078,
    0.374699,
    1.365532,
    0.415786,
    0.399491,
    0.648637,
    0.613575,
    1.31609,
    0.687974,
    0.802842,
    0.409434,
    1.528947,
    0.636334,
    0.429545,
    0.434892,
    0.439954,
    1.415139,
    1.304712,
    0.495375,
    1.38308,
    0.484016,
    0.381062,
    1.324187
  ],
  "51200": [
    0.351481,
    1.236944,
    0.279595,
    1.606517,
    0.595008,
    0.551503,
    0.306225,
    1.187333,
    0.746786,
    1.325757,
    0.255175,
    0.653354,
    5.048209,
    0.565122,
    0.404608,
    0.581396,
    0.418613,
    0.559408,
    8.669512,
    0.410533,
    1.288897,
    0.678217,
    6.152891,
    0.557556,
    0.25841,
    0.335694,
    0.563309,
    0.579615,
    0.648199,
    0.662277,
    0.640076,
    0.576916,
    1.305551,
    0.467503,
    0.680619,
    0.571811,
    0.44612,
    0.572295,
    2.607332,
    0.31675,
    0.332211,
    0.51017,
    0.54605,
    0.875287,
    0.312908,
    0.568551,
    0.542763,
    3.236484,
    0.325816,
    0.339065,
    4.907207,
    0.440598,
    0.592349,
    0.512397,
    0.438864,
    0.505582,
    1.17839,
    0.180699,
    0.480255,
    0.267547,
    0.337315,
    0.504155,
    0.522994,
    0.364723,
    1.274305,
    2.325738,
    0.489375,
    0.492401,
    0.426762,
    0.609115,
    0.372078,
    0.374699,
    1.365532,
    0.415786,
    0.399491,
    0.648637,
    0.613575,
    1.31609,
    0.687974,
    0.802842,
    0.409434,
    1.528947,
    0.636334,
    0.429545,
    0.434892,
    0.439954,
    1.415139,
    1.304712
  ],
  "1048576": [
    0.748573,
    1.269867,
    0.363498,
    0.578972,
    0.426581,
    2.023185,
    1.346044,
    1.372638,
    0.655435,
    0.566616,
    0.407596,
    0.438401,
    0.392977,
    0.88662,
    0.484222,
    0.320046,
    0.327149,
    0.670065,
    0.33263,
    0.493808,
    0.324757,
    0.529383,
    0.312001,
    0.345351,
    0.324324,
    0.36197,
    0.329569,
    0.369832,
    0.305564,
    0.475588,
    0.802919,
    1.235385,
    0.283929,
    0.495375,
    1.38308,
    0.484016,
    0.381062
  ],
  "5242880": [
    0.886186,
    0.652635,
    3.355502,
    0.370264,
    0.264601,
    0.39894,
    1.324187
  ]
}