{
  "all": [
    0.684346,
    1.495665,
    0.400874,
    2.593018,
    1.457112,
    1.208147,
    0.567255,
    1.578158,
    1.318806,
    1.596833,
    0.453652,
    3.494974,
    3.433764,
    1.584024,
    2.683388,
    27.159463,
    1.335133,
    7.798168,
    1.178585,
    0.653295,
    0.819779,
    0.693895,
    1.155279,
    9.498131,
    0.804839,
    1.439407,
    6.478742,
    1.937945,
    7.863842,
    3.379901,
    3.794089,
    2.756655,
    2.327264,
    1.766078,
    2.016319,
    8.13831,
    8.947994,
    0.831729,
    0.344908,
    0.632396,
    0.884948,
    0.858381,
    1.269264,
    1.249452,
    4.465305,
    0.82363,
    1.945616,
    1.092179,
    1.713047,
    0.820898,
    1.027257,
    1.189835,
    1.756817,
    3.826465,
    2.042512,
    116.601974,
    4.397568,
    4.849192,
    7.050256,
    0.538841,
    0.589118,
    1.126439,
    1.201332,
    1.517817,
    0.537877,
    0.821958,
    0.866802,
    1.486711,
    1.506203,
    2.933036,
    1.525967,
    2.962331,
    1.424934,
    2.488666,
    3.549419,
    0.633318,
    0.60611,
    8.356603,
    0.695007,
    0.974822,
    1.127244,
    1.4924,
    1.646632,
    1.451066,
    1.623404,
    1.339532,
    1.696804,
    1.306608,
    2.640225,
    5.053189,
    0.852779,
    1.139502,
    1.921385,
    0.275984,
    0.633715,
    0.370623,
    0.583476,
    0.791134,
    1.13831,
    0.748554,
    1.539868,
    2.734311,
    1.077491,
    1.134089,
    22.950429,
    9.01976,
    1.284675,
    0.655421,
    1.27082,
    0.543252,
    0.621167,
    1.544099,
    0.91736,
    0.678778,
    1.259777,
    1.236127,
    1.845977,
    1.180656,
    1.666438,
    0.599057,
    1.841491,
    1.294682,
    0.704895,
    0.904944,
    0.745564,
    2.031695,
    1.397655,
    2.402699,
    3.587223,
    7.042737,
    2.036739,
    8.186993
  ],
  "51200": [
    0.684346,
    1.495665,
    0.400874,
    2.593018,
    1.457112,
    1.208147,
    0.567255,
    1.578158,
    1.318806,
    1.596833,
    0.453652,
    1.335133,
    7.798168,
    1.178585,
    0.653295,
    0.819779,
    0.693895,
    1.155279,
    9.498131,
    0.804839,
    1.439407,
    6.478742,
    8.947994,
    0.831729,
    0.344908,
    0.632396,
    0.884948,
    0.858381,
    1.269264,
    1.249452,
    4.465305,
    0.82363,
    1.945616,
    1.092179,
    1.713047,
    0.820898,
    1.027257,
    1.189835,
    7.050256,
    0.538841,
    0.589118,
    1.126439,
    1.201332,
    1.517817,
    0.537877,
    0.821958,
    0.866802,
    3.549419,
    0.633318,
    0.60611,
    8.356603,
    0.695007,
    0.974822,
    1.127244,
    0.852779,
    1.139502,
    1.921385,
    0.275984,
    0.633715,
    0.370623,
    0.583476,
    0.791134,
    1.13831,
    0.748554,
    1.539868,
    2.734311,
    1.077491,
    1.134089,
    0.655421,
    1.27082,
    0.543252,
    0.621167,
    1.544099,
    0.91736,
    0.678778,
    1.259777,
    1.236127,
    1.845977,
    1.180656,
    1.666438,
    0.599057,
    1.841491,
    1.294682,
    0.704895,
    0.904944,
    0.745564,
    2.031695,
    1.397655
  ],
  "1048576": [
    3.494974,
    3.433764,
    1.584024,
    2.683388,
    1.937945,
    7.863842,
    3.379901,
    3.794089,
    2.756655,
    2.327264,
    1.766078,
    2.016319,
    1.756817,
    3.826465,
    2.042512,
    1.486711,
    1.506203,
    2.933036,
    1.525967,
    2.962331,
    1.424934,
    2.488666,
    1.4924,
    1.646632,
    1.451066,
    1.623404,
    1.339532,
    1.696804,
    1.306608,
    2.640225,
    22.950429,
    9.01976,
    1.284675,
    2.402699,
    3.587223,
    7.042737,
    2.036739
  ],
  "5242880": [
    27.159463,
    8.13831,
    116.601974,
    4.397568,
    4.849192,
    5.053189,
    8.186993
  ]
}