{
  "ALL": [
    [
      72.5,
      2.5
    ],
    [
      72.5,
      2.5
    ],
    [
      87.5,
      2.5
    ],
    [
      87.5,
      2.5
    ],
    [
      82.5,
      2.5
    ],
    [
      82.5,
      2.5
    ],
    [
      85.0,
      2.5
    ],
    [
      85.0,
      2.5
    ],
    [
      79.48717948717949,
      2.5641025641025643
    ],
    [
      79.48717948717949,
      2.5641025641025643
    ],
    [
      90.0,
      2.5
    ],
    [
      90.0,
      2.5
    ],
    [
      82.5,
      2.5
    ],
    [
      82.5,
      2.5
    ],
    [
      77.5,
      2.5
    ],
    [
      77.5,
      2.5
    ]
  ],
  "TIMEOUT": [
    [
      72.5,
      2.5
    ],
    [
      87.5,
      2.5
    ],
    [
      82.5,
      2.5
    ],
    [
      85.0,
      2.5
    ],
    [
      79.48717948717949,
      2.5641025641025643
    ],
    [
      90.0,
      2.5
    ],
    [
      82.5,
      2.5
    ],
    [
      77.5,
      2.5
    ]
  ]
}