{
  "ALL": [
    [
      20.0,
      2.5
    ],
    [
      20.0,
      2.5
    ],
    [
      22.5,
      2.5
    ],
    [
      22.5,
      2.5
    ],
    [
      35.8974358974359,
      2.5641025641025643
    ],
    [
      35.8974358974359,
      2.5641025641025643
    ],
    [
      50.0,
      2.5
    ],
    [
      50.0,
      2.5
    ],
    [
      27.5,
      2.5
    ],
    [
      27.5,
      2.5
    ],
    [
      40.0,
      2.5
    ],
    [
      40.0,
      2.5
    ],
    [
      40.0,
      2.5
    ],
    [
      40.0,
      2.5
    ],
    [
      25.0,
      2.5
    ],
    [
      25.0,
      2.5
    ]
  ],
  "TIMEOUT": [
    [
      20.0,
      2.5
    ],
    [
      22.5,
      2.5
    ],
    [
      35.8974358974359,
      2.5641025641025643
    ],
    [
      50.0,
      2.5
    ],
    [
      27.5,
      2.5
    ],
    [
      40.0,
      2.5
    ],
    [
      40.0,
      2.5
    ],
    [
      25.0,
      2.5
    ]
  ]
}