{
  "ALL": [
    [
      50.0,
      2.5
    ],
    [
      50.0,
      2.5
    ],
    [
      37.5,
      2.5
    ],
    [
      37.5,
      2.5
    ],
    [
      51.282051282051285,
      2.5641025641025643
    ],
    [
      51.282051282051285,
      2.5641025641025643
    ],
    [
      45.0,
      2.5
    ],
    [
      45.0,
      2.5
    ],
    [
      43.90243902439025,
      2.4390243902439024
    ],
    [
      43.90243902439025,
      2.4390243902439024
    ],
    [
      40.0,
      2.5
    ],
    [
      40.0,
      2.5
    ],
    [
      64.1025641025641,
      2.5641025641025643
    ],
    [
      64.1025641025641,
      2.5641025641025643
    ],
    [
      55.0,
      2.5
    ],
    [
      55.0,
      2.5
    ]
  ],
  "TIMEOUT": [
    [
      50.0,
      2.5
    ],
    [
      37.5,
      2.5
    ],
    [
      51.282051282051285,
      2.5641025641025643
    ],
    [
      45.0,
      2.5
    ],
    [
      43.90243902439025,
      2.4390243902439024
    ],
    [
      40.0,
      2.5
    ],
    [
      64.1025641025641,
      2.5641025641025643
    ],
    [
      55.0,
      2.5
    ]
  ]
}