{
  "all": [
    1.232947,
    2.705688,
    2.843301,
    0.981105,
    3.441,
    3.727047,
    3.553835,
    0.728636,
    2.977665,
    2.658111,
    2.643099,
    1.956955,
    2.318827,
    2.556935,
    1.290272,
    0.714022,
    4.158636,
    2.832029,
    1.804295,
    1.697657,
    2.881933,
    1.232186,
    2.503687,
    2.027684,
    3.465578,
    3.684252,
    2.560995,
    3.325815,
    2.891878,
    1.328709,
    1.145348,
    0.798775,
    2.499587,
    1.030328,
    0.906153,
    2.778481,
    0.747606,
    2.169819,
    1.155731,
    3.530051,
    2.223315,
    3.954682,
    1.000906,
    3.290077,
    1.566012,
    1.940831,
    2.346424,
    1.002165,
    3.696577,
    3.296591,
    0.945895,
    1.731883,
    3.074563,
    3.459434,
    1.607509,
    3.141346,
    3.455414,
    0.703989,
    0.837499,
    0.76455,
    2.642359,
    1.803684,
    1.256716,
    1.847705,
    2.370627,
    2.333923,
    0.938336,
    0.505221,
    1.001128,
    2.890648,
    0.914358,
    0.969011,
    1.158525,
    1.806779,
    0.996644,
    2.888899,
    3.151343,
    0.403162,
    0.651446,
    1.212887,
    1.307397,
    1.546639,
    1.17349,
    0.633059,
    1.781587,
    59.005202,
    1.471449,
    0.450436,
    1.026332,
    4.067444,
    1.038645,
    1.725251,
    3.269732,
    2.302591,
    4.06379,
    2.179241,
    1.878786,
    1.504012,
    0.990156,
    0.7345,
    4.680563,
    0.794172,
    0.454288,
    0.432957,
    3.9466,
    5.141863,
    2.403526,
    2.83998,
    1.219854,
    2.042601,
    2.244742,
    2.373955,
    2.034757,
    3.434868,
    0.702025,
    7.760206,
    1.351946,
    2.258139,
    3.505538,
    3.165569,
    1.53741,
    0.415224,
    0.665706,
    1.449976,
    6.772573,
    0.898521,
    1.407194,
    1.05618,
    0.848833,
    3.121416,
    1.870095,
    4.970521,
    2.564334,
    1.886262,
    1.808204,
    2.962964,
    3.260999,
    3.336044,
    3.561759,
    4.205404,
    1.882145,
    3.330811,
    2.03725,
    2.101246,
    2.919251,
    0.600975,
    11.196007,
    2.757055,
    2.472362,
    2.633127,
    2.612681,
    0.520938,
    1.602248,
    2.9614,
    1.786328,
    1.761292,
    3.440329,
    4.882056,
    1.037774,
    1.024863,
    1.526782,
    2.785735,
    7.309182,
    0.635217,
    4.264388
  ],
  "51200": [
    1.232947,
    2.705688,
    2.843301,
    0.981105,
    3.441,
    3.727047,
    3.553835,
    0.728636,
    2.977665,
    2.658111,
    2.643099,
    1.956955,
    2.318827,
    2.881933,
    1.232186,
    2.503687,
    2.027684,
    3.465578,
    3.684252,
    2.560995,
    3.325815,
    2.891878,
    1.328709,
    1.145348,
    0.798775,
    2.499587,
    1.030328,
    0.906153,
    2.778481,
    0.747606,
    2.169819,
    1.155731,
    1.940831,
    2.346424,
    1.002165,
    3.696577,
    3.296591,
    0.945895,
    1.731883,
    3.074563,
    3.459434,
    1.607509,
    3.141346,
    3.455414,
    0.703989,
    2.370627,
    2.333923,
    0.938336,
    0.505221,
    1.001128,
    2.890648,
    0.914358,
    0.969011,
    1.158525,
    1.806779,
    0.996644,
    2.888899,
    3.151343,
    0.403162,
    0.651446,
    1.212887,
    1.307397,
    1.546639,
    1.17349,
    0.633059,
    1.781587,
    1.471449,
    0.450436,
    1.026332,
    4.067444,
    1.038645,
    1.725251,
    3.269732,
    2.302591,
    4.06379,
    2.179241,
    1.878786,
    1.504012,
    0.990156,
    0.7345,
    4.680563,
    0.794172,
    0.454288,
    0.432957,
    3.9466,
    2.042601,
    2.244742,
    2.373955,
    2.034757,
    3.434868,
    0.702025,
    7.760206,
    1.351946,
    2.258139,
    3.505538,
    3.165569,
    1.53741,
    0.415224,
    0.665706,
    1.449976,
    6.772573,
    0.898521,
    1.407194,
    1.05618,
    0.848833,
    1.886262,
    1.808204,
    2.962964,
    3.260999,
    3.336044,
    3.561759,
    4.205404,
    1.882145,
    3.330811,
    2.03725,
    2.101246,
    2.919251,
    2.757055,
    2.472362,
    2.633127,
    2.612681,
    0.520938,
    1.602248,
    2.9614,
    1.786328,
    1.761292,
    3.440329,
    4.882056,
    1.037774,
    1.024863,
    1.526782,
    2.785735,
    7.309182,
    0.635217
  ],
  "1048576": [
    2.556935,
    1.290272,
    0.714022,
    4.158636,
    3.530051,
    2.223315,
    3.954682,
    1.000906,
    3.290077,
    1.566012,
    0.837499,
    0.76455,
    2.642359,
    1.803684,
    1.256716,
    5.141863,
    2.403526,
    3.121416,
    1.870095,
    4.970521,
    0.600975,
    11.196007,
    4.264388
  ],
  "5242880": [
    2.832029,
    1.804295,
    1.697657,
    1.847705,
    59.005202,
    2.83998,
    1.219854,
    2.564334
  ]
}