{
  "all": [
    2.190052,
    7.13824,
    7.765492,
    1.865633,
    9.829943,
    10.33871,
    9.90387,
    1.347822,
    3.583432,
    7.752759,
    7.323702,
    3.368191,
    3.757749,
    41.880796,
    5.704725,
    3.304178,
    23.49041,
    34.481038,
    63.554804,
    33.021462,
    6.301883,
    2.605293,
    6.678095,
    2.232443,
    9.824685,
    10.034559,
    5.581448,
    7.066704,
    8.092559,
    2.923535,
    1.826859,
    1.199303,
    3.003389,
    1.568963,
    1.982309,
    3.337876,
    1.187247,
    3.000908,
    1.817932,
    50.124086,
    8.985738,
    37.081217,
    6.242864,
    11.362005,
    12.836525,
    5.584751,
    6.814415,
    2.607774,
    9.302623,
    9.242998,
    2.235319,
    3.683751,
    8.671686,
    10.264209,
    3.065648,
    7.215802,
    10.630049,
    1.313716,
    3.440704,
    3.042485,
    46.500353,
    4.52298,
    5.844344,
    42.887207,
    4.977079,
    6.804837,
    1.981793,
    1.021776,
    2.54658,
    8.782468,
    1.981907,
    1.613737,
    2.870649,
    4.104509,
    1.773392,
    8.61025,
    9.064987,
    4.21856,
    1.739935,
    2.731391,
    1.630474,
    2.377046,
    1.984776,
    1.202373,
    2.358615,
    72.088025,
    1.992333,
    0.815931,
    2.624279,
    6.850956,
    1.481168,
    3.648872,
    9.513084,
    5.738005,
    4.53677,
    6.711603,
    2.514211,
    2.415511,
    3.000871,
    1.204957,
    5.365095,
    2.03952,
    0.915391,
    0.906391,
    4.440878,
    43.47458,
    39.393435,
    49.35258,
    20.886835,
    5.030083,
    2.827824,
    6.836239,
    4.245088,
    9.796744,
    1.691002,
    7.996251,
    1.87774,
    6.752162,
    7.551752,
    9.05654,
    2.899355,
    0.643007,
    1.001388,
    2.22819,
    7.957795,
    1.396133,
    1.949564,
    2.317861,
    2.057246,
    45.542856,
    7.905825,
    19.481068,
    98.893694,
    4.445685,
    3.59445,
    8.701068,
    8.782963,
    9.723567,
    9.562509,
    8.890793,
    3.653787,
    7.08546,
    3.92732,
    3.19592,
    3.521217,
    2.534273,
    19.286026,
    6.003893,
    7.068859,
    7.395047,
    7.53273,
    0.824321,
    2.63831,
    8.746366,
    2.618963,
    3.51862,
    10.016186,
    5.290326,
    1.240384,
    2.074774,
    2.638877,
    3.24458,
    7.930005,
    1.056024,
    15.835054
  ],
  "51200": [
    2.190052,
    7.13824,
    7.765492,
    1.865633,
    9.829943,
    10.33871,
    9.90387,
    1.347822,
    3.583432,
    7.752759,
    7.323702,
    3.368191,
    3.757749,
    6.301883,
    2.605293,
    6.678095,
    2.232443,
    9.824685,
    10.034559,
    5.581448,
    7.066704,
    8.092559,
    2.923535,
    1.826859,
    1.199303,
    3.003389,
    1.568963,
    1.982309,
    3.337876,
    1.187247,
    3.000908,
    1.817932,
    5.584751,
    6.814415,
    2.607774,
    9.302623,
    9.242998,
    2.235319,
    3.683751,
    8.671686,
    10.264209,
    3.065648,
    7.215802,
    10.630049,
    1.313716,
    4.977079,
    6.804837,
    1.981793,
    1.021776,
    2.54658,
    8.782468,
    1.981907,
    1.613737,
    2.870649,
    4.104509,
    1.773392,
    8.61025,
    9.064987,
    4.21856,
    1.739935,
    2.731391,
    1.630474,
    2.377046,
    1.984776,
    1.202373,
    2.358615,
    1.992333,
    0.815931,
    2.624279,
    6.850956,
    1.481168,
    3.648872,
    9.513084,
    5.738005,
    4.53677,
    6.711603,
    2.514211,
    2.415511,
    3.000871,
    1.204957,
    5.365095,
    2.03952,
    0.915391,
    0.906391,
    4.440878,
    5.030083,
    2.827824,
    6.836239,
    4.245088,
    9.796744,
    1.691002,
    7.996251,
    1.87774,
    6.752162,
    7.551752,
    9.05654,
    2.899355,
    0.643007,
    1.001388,
    2.22819,
    7.957795,
    1.396133,
    1.949564,
    2.317861,
    2.057246,
    4.445685,
    3.59445,
    8.701068,
    8.782963,
    9.723567,
    9.562509,
    8.890793,
    3.653787,
    7.08546,
    3.92732,
    3.19592,
    3.521217,
    6.003893,
    7.068859,
    7.395047,
    7.53273,
    0.824321,
    2.63831,
    8.746366,
    2.618963,
    3.51862,
    10.016186,
    5.290326,
    1.240384,
    2.074774,
    2.638877,
    3.24458,
    7.930005,
    1.056024
  ],
  "1048576": [
    41.880796,
    5.704725,
    3.304178,
    23.49041,
    50.124086,
    8.985738,
    37.081217,
    6.242864,
    11.362005,
    12.836525,
    3.440704,
    3.042485,
    46.500353,
    4.52298,
    5.844344,
    43.47458,
    39.393435,
    45.542856,
    7.905825,
    19.481068,
    2.534273,
    19.286026,
    15.835054
  ],
  "5242880": [
    34.481038,
    63.554804,
    33.021462,
    42.887207,
    72.088025,
    49.35258,
    20.886835,
    98.893694
  ]
}