{
  "all": [
    1.078759,
    4.045242,
    1.887816,
    0.91834,
    4.835836,
    0.599227,
    0.768425
  ],
  "1048576": [
    1.078759,
    1.887816,
    0.768425
  ],
  "51200": [
    4.045242,
    0.91834,
    4.835836,
    0.599227
  ]
}