{
  "all": [
    15.917491,
    5.866798,
    35.914017,
    3.369916,
    5.166342,
    1.045966,
    3.531537
  ],
  "1048576": [
    15.917491,
    35.914017,
    3.531537
  ],
  "51200": [
    5.866798,
    3.369916,
    5.166342,
    1.045966
  ]
}