{
  "all": [
    3.821349,
    3.330633,
    3.294184,
    1.759801,
    4.270846,
    0.362307,
    0.530258,
    0.360388,
    0.382482,
    0.894622,
    0.509936,
    0.362149,
    1.375601,
    3.085837,
    2.511186,
    2.798192,
    2.978114,
    3.456603,
    3.723268,
    0.767186,
    0.526481,
    0.380833,
    0.491433,
    0.901682,
    0.43748,
    0.470014,
    0.359965,
    3.286887,
    3.064134,
    3.062898,
    3.216627,
    3.590876,
    4.30362,
    0.502187,
    1.698823,
    0.463706,
    0.522326,
    0.49024,
    0.44566,
    0.377088,
    1.08506,
    3.594201,
    2.562878,
    2.909325,
    3.239185,
    3.603412,
    0.336881,
    0.457412,
    0.387493,
    3.702635,
    2.268432,
    2.753884,
    1.331827,
    0.362389,
    0.362894,
    0.348797,
    1.313538,
    2.927907,
    3.072166,
    3.458004,
    3.822425,
    0.668485,
    2.12121,
    0.951881,
    1.431639,
    1.299106,
    5.360895,
    0.904324,
    0.298998,
    0.913135,
    0.810496,
    3.239291,
    3.095612,
    10.430437,
    0.779831,
    0.851016,
    4.162905,
    3.172753,
    3.454988,
    3.467007,
    0.556278,
    1.04754,
    0.612648,
    3.039563,
    0.591682,
    2.698618,
    3.267846,
    3.135582,
    3.325802,
    0.70033,
    0.347085,
    0.387546,
    0.818247,
    3.631831
  ],
  "51200": [
    3.821349,
    3.330633,
    3.294184,
    1.759801,
    4.270846,
    0.362307,
    0.530258,
    0.360388,
    0.382482,
    2.511186,
    2.798192,
    2.978114,
    3.456603,
    3.723268,
    0.767186,
    0.526481,
    0.380833,
    0.491433,
    0.901682,
    3.286887,
    3.064134,
    3.062898,
    3.216627,
    3.590876,
    4.30362,
    0.502187,
    1.698823,
    0.463706,
    0.522326,
    0.49024,
    0.44566,
    3.594201,
    2.562878,
    2.909325,
    3.239185,
    3.603412,
    0.336881,
    0.457412,
    0.387493,
    3.702635,
    2.268432,
    2.753884,
    1.331827,
    0.362389,
    0.362894,
    2.927907,
    3.072166,
    3.458004,
    3.822425,
    0.668485,
    2.12121,
    0.951881,
    1.431639,
    1.299106,
    5.360895,
    0.904324,
    0.298998,
    0.913135,
    0.810496,
    4.162905,
    3.172753,
    3.454988,
    3.467007,
    0.556278,
    1.04754,
    0.612648,
    2.698618,
    3.267846,
    3.135582,
    3.325802,
    0.70033,
    0.347085,
    0.387546,
    0.818247
  ],
  "1048576": [
    0.894622,
    0.509936,
    0.362149,
    1.375601,
    0.43748,
    0.470014,
    0.348797,
    1.313538,
    3.239291,
    3.095612,
    10.430437,
    0.779831
  ],
  "5242880": [
    3.085837,
    0.359965,
    0.377088,
    1.08506,
    0.851016,
    3.039563,
    0.591682,
    3.631831
  ]
}