{
  "all": [
    7.336118,
    7.979154,
    9.453118,
    2.850643,
    10.755584,
    0.56608,
    0.948276,
    0.556397,
    0.557873,
    3.7467,
    2.34666,
    1.691993,
    3.810202,
    106.697804,
    7.030479,
    5.444842,
    8.37732,
    9.138962,
    7.942956,
    1.76619,
    0.747911,
    0.595949,
    0.730262,
    2.11349,
    1.952666,
    3.443719,
    6.503969,
    8.960309,
    6.503602,
    9.535737,
    9.267374,
    8.137471,
    11.080077,
    0.79044,
    1.951414,
    0.74829,
    0.939578,
    0.671177,
    0.85927,
    8.621661,
    11.708893,
    6.907985,
    7.524713,
    8.215921,
    9.511231,
    8.301637,
    0.698265,
    0.730292,
    0.651814,
    9.084115,
    6.621083,
    8.126468,
    1.734872,
    0.929228,
    0.641208,
    1.505102,
    7.61498,
    7.507885,
    7.806757,
    9.176153,
    7.214276,
    0.996871,
    2.54851,
    3.865191,
    2.652434,
    1.536433,
    11.858805,
    1.182011,
    0.699162,
    1.219337,
    1.014201,
    23.289109,
    43.347415,
    37.915095,
    3.782385,
    16.370677,
    8.582687,
    8.587476,
    9.680379,
    9.709778,
    0.941989,
    1.959213,
    0.881194,
    102.185902,
    10.499186,
    7.67824,
    7.928268,
    9.228353,
    9.809379,
    1.686099,
    0.581747,
    0.64184,
    2.032571,
    36.016162
  ],
  "51200": [
    7.336118,
    7.979154,
    9.453118,
    2.850643,
    10.755584,
    0.56608,
    0.948276,
    0.556397,
    0.557873,
    7.030479,
    5.444842,
    8.37732,
    9.138962,
    7.942956,
    1.76619,
    0.747911,
    0.595949,
    0.730262,
    2.11349,
    8.960309,
    6.503602,
    9.535737,
    9.267374,
    8.137471,
    11.080077,
    0.79044,
    1.951414,
    0.74829,
    0.939578,
    0.671177,
    0.85927,
    6.907985,
    7.524713,
    8.215921,
    9.511231,
    8.301637,
    0.698265,
    0.730292,
    0.651814,
    9.084115,
    6.621083,
    8.126468,
    1.734872,
    0.929228,
    0.641208,
    7.507885,
    7.806757,
    9.176153,
    7.214276,
    0.996871,
    2.54851,
    3.865191,
    2.652434,
    1.536433,
    11.858805,
    1.182011,
    0.699162,
    1.219337,
    1.014201,
    8.582687,
    8.587476,
    9.680379,
    9.709778,
    0.941989,
    1.959213,
    0.881194,
    7.67824,
    7.928268,
    9.228353,
    9.809379,
    1.686099,
    0.581747,
    0.64184,
    2.032571
  ],
  "1048576": [
    3.7467,
    2.34666,
    1.691993,
    3.810202,
    1.952666,
    3.443719,
    1.505102,
    7.61498,
    23.289109,
    43.347415,
    37.915095,
    3.782385
  ],
  "5242880": [
    106.697804,
    6.503969,
    8.621661,
    11.708893,
    16.370677,
    102.185902,
    10.499186,
    36.016162
  ]
}