{
  "ALL": [
    [
      60.0,
      2.5
    ],
    [
      60.0,
      2.5
    ],
    [
      62.5,
      2.5
    ],
    [
      62.5,
      2.5
    ],
    [
      84.61538461538461,
      2.5641025641025643
    ],
    [
      84.61538461538461,
      2.5641025641025643
    ],
    [
      85.0,
      2.5
    ],
    [
      85.0,
      2.5
    ],
    [
      55.0,
      2.5
    ],
    [
      55.0,
      2.5
    ],
    [
      77.5,
      2.5
    ],
    [
      77.5,
      2.5
    ],
    [
      60.0,
      2.5
    ],
    [
      60.0,
      2.5
    ],
    [
      70.0,
      2.5
    ],
    [
      70.0,
      2.5
    ]
  ],
  "TIMEOUT": [
    [
      60.0,
      2.5
    ],
    [
      62.5,
      2.5
    ],
    [
      84.61538461538461,
      2.5641025641025643
    ],
    [
      85.0,
      2.5
    ],
    [
      55.0,
      2.5
    ],
    [
      77.5,
      2.5
    ],
    [
      60.0,
      2.5
    ],
    [
      70.0,
      2.5
    ]
  ]
}