{
  "all": [
    1.350345,
    0.459754,
    0.648754,
    0.369908,
    1.281408,
    0.574609,
    0.725145,
    0.590456,
    0.442713,
    0.548618,
    0.888228,
    3.573106,
    1.480038,
    0.600531,
    0.574409,
    0.573163,
    0.484195,
    0.583065,
    0.954865,
    0.306358,
    0.782825,
    0.539138,
    0.449562,
    0.530553,
    0.69869,
    0.712047,
    0.646267,
    0.278126,
    0.684152,
    0.414931,
    0.388284,
    0.667816,
    0.69804,
    0.513103,
    0.733951,
    0.855176,
    0.552064,
    0.630016,
    0.432637,
    1.412003,
    0.547849,
    1.468441,
    0.618818,
    1.051517,
    0.827146,
    0.520968,
    0.988397,
    0.734822,
    0.595975,
    0.660062,
    0.801073,
    0.892383,
    0.713856,
    0.532347,
    1.496123,
    0.810328,
    1.489029,
    0.686468,
    2.347794,
    0.578009,
    0.749393,
    0.472702,
    1.41354,
    0.296482,
    0.722527,
    0.375667,
    0.523217,
    0.532602,
    1.477476,
    3.741802,
    0.482574,
    0.582388,
    0.626412,
    0.487351,
    0.340036,
    0.620972,
    0.773004,
    0.326223,
    0.291782,
    0.634003,
    0.506094,
    0.599112,
    0.393576,
    0.40907,
    1.320597,
    0.583348,
    0.454398,
    1.985277,
    1.07879,
    0.260498,
    0.75204,
    1.234175,
    0.317641,
    0.669679,
    1.385065,
    0.256642,
    1.392605,
    1.527118
  ],
  "51200": [
    1.350345,
    0.459754,
    0.648754,
    0.369908,
    1.281408,
    0.574609,
    0.725145,
    0.590456,
    0.442713,
    0.548618,
    0.888228,
    0.484195,
    0.583065,
    0.954865,
    0.306358,
    0.782825,
    0.539138,
    0.449562,
    0.530553,
    0.667816,
    0.69804,
    0.513103,
    0.630016,
    0.432637,
    1.412003,
    0.547849,
    1.468441,
    1.051517,
    0.827146,
    0.520968,
    0.988397,
    0.734822,
    0.595975,
    0.660062,
    0.801073,
    0.892383,
    0.713856,
    0.532347,
    1.496123,
    0.810328,
    1.489029,
    0.686468,
    0.472702,
    1.41354,
    0.296482,
    0.722527,
    0.375667,
    0.523217,
    0.532602,
    0.482574,
    0.582388,
    0.626412,
    0.487351,
    0.340036,
    0.620972,
    0.773004,
    0.326223,
    0.291782,
    0.634003,
    0.506094,
    0.454398,
    1.985277,
    1.07879,
    0.260498,
    0.75204,
    1.234175,
    0.317641,
    0.669679,
    1.385065
  ],
  "1048576": [
    3.573106,
    1.480038,
    0.600531,
    0.574409,
    0.69869,
    0.712047,
    0.646267,
    0.278126,
    0.684152,
    0.414931,
    2.347794,
    0.578009,
    1.477476,
    0.599112,
    0.393576,
    0.40907,
    0.256642,
    1.392605,
    1.527118
  ],
  "5242880": [
    0.573163,
    0.388284,
    0.733951,
    0.855176,
    0.552064,
    0.618818,
    0.749393,
    3.741802,
    1.320597,
    0.583348
  ]
}