{
  "all": [
    1.958365,
    1.046601,
    1.652278,
    0.718132,
    1.610992,
    1.309307,
    1.577446,
    1.336013,
    0.893721,
    1.27855,
    2.019847,
    36.413658,
    10.929621,
    2.58451,
    2.346557,
    6.612564,
    1.090433,
    1.155194,
    2.049217,
    0.54168,
    1.898042,
    1.269794,
    0.890613,
    0.777758,
    3.803779,
    3.349728,
    2.855984,
    1.258633,
    2.851449,
    1.782425,
    6.395859,
    1.302411,
    1.367486,
    0.763624,
    9.162364,
    12.150863,
    8.931363,
    1.357137,
    0.711002,
    1.659619,
    1.180773,
    2.204035,
    7.822957,
    2.141971,
    1.5043,
    0.752941,
    1.754425,
    1.36357,
    1.256199,
    1.107223,
    1.651637,
    1.741586,
    1.159483,
    0.762035,
    1.822302,
    1.680385,
    1.8468,
    1.265158,
    14.389394,
    2.705776,
    10.938892,
    0.796881,
    2.155264,
    0.526507,
    1.695553,
    0.614286,
    1.127409,
    0.864823,
    10.858769,
    38.023381,
    1.099665,
    1.298782,
    1.481287,
    1.094773,
    0.635763,
    1.465458,
    1.88391,
    0.588899,
    0.524396,
    1.497526,
    0.771998,
    6.500998,
    1.6692,
    1.883174,
    10.720778,
    6.504721,
    0.798996,
    2.776192,
    2.082122,
    0.535682,
    1.864779,
    3.770921,
    0.555075,
    1.650173,
    2.404691,
    1.218338,
    6.506529,
    6.981282
  ],
  "51200": [
    1.958365,
    1.046601,
    1.652278,
    0.718132,
    1.610992,
    1.309307,
    1.577446,
    1.336013,
    0.893721,
    1.27855,
    2.019847,
    1.090433,
    1.155194,
    2.049217,
    0.54168,
    1.898042,
    1.269794,
    0.890613,
    0.777758,
    1.302411,
    1.367486,
    0.763624,
    1.357137,
    0.711002,
    1.659619,
    1.180773,
    2.204035,
    2.141971,
    1.5043,
    0.752941,
    1.754425,
    1.36357,
    1.256199,
    1.107223,
    1.651637,
    1.741586,
    1.159483,
    0.762035,
    1.822302,
    1.680385,
    1.8468,
    1.265158,
    0.796881,
    2.155264,
    0.526507,
    1.695553,
    0.614286,
    1.127409,
    0.864823,
    1.099665,
    1.298782,
    1.481287,
    1.094773,
    0.635763,
    1.465458,
    1.88391,
    0.588899,
    0.524396,
    1.497526,
    0.771998,
    0.798996,
    2.776192,
    2.082122,
    0.535682,
    1.864779,
    3.770921,
    0.555075,
    1.650173,
    2.404691
  ],
  "1048576": [
    36.413658,
    10.929621,
    2.58451,
    2.346557,
    3.803779,
    3.349728,
    2.855984,
    1.258633,
    2.851449,
    1.782425,
    14.389394,
    2.705776,
    10.858769,
    6.500998,
    1.6692,
    1.883174,
    1.218338,
    6.506529,
    6.981282
  ],
  "5242880": [
    6.612564,
    6.395859,
    9.162364,
    12.150863,
    8.931363,
    7.822957,
    10.938892,
    38.023381,
    10.720778,
    6.504721
  ]
}