{
  "ALL": [
    [
      100.0,
      2.5641025641025643
    ],
    [
      100.0,
      2.5641025641025643
    ],
    [
      100.0,
      2.5
    ],
    [
      100.0,
      2.5
    ],
    [
      100.0,
      2.5
    ],
    [
      100.0,
      2.5
    ],
    [
      100.0,
      2.5
    ],
    [
      100.0,
      2.5
    ],
    [
      100.0,
      2.5
    ],
    [
      100.0,
      2.5
    ],
    [
      100.0,
      2.5641025641025643
    ],
    [
      100.0,
      2.5641025641025643
    ],
    [
      100.0,
      2.4390243902439024
    ],
    [
      100.0,
      2.4390243902439024
    ],
    [
      100.0,
      2.5
    ],
    [
      100.0,
      2.5
    ]
  ],
  "TIMEOUT": [
    [
      100.0,
      2.5641025641025643
    ],
    [
      100.0,
      2.5
    ],
    [
      100.0,
      2.5
    ],
    [
      100.0,
      2.5
    ],
    [
      100.0,
      2.5
    ],
    [
      100.0,
      2.5641025641025643
    ],
    [
      100.0,
      2.4390243902439024
    ],
    [
      100.0,
      2.5
    ]
  ]
}