{
  "all": [
    0.500098,
    1.428636,
    0.687399,
    0.623005,
    4.953572,
    0.491955,
    0.440434,
    0.613695,
    0.497942,
    0.394098,
    0.554827,
    0.636382,
    1.399329,
    0.610978,
    0.593704,
    0.682813,
    0.328258,
    0.352692,
    0.431956,
    0.653487,
    0.37372,
    0.415243,
    0.522634,
    1.064724,
    0.491091,
    1.008869,
    0.525755,
    0.353627,
    0.369599,
    0.841955,
    0.281349,
    0.394473,
    1.091712,
    0.472467,
    0.450186,
    1.430214,
    0.716012,
    2.904055,
    0.456474,
    1.52158,
    4.304576,
    0.414829,
    0.40873,
    0.558552,
    1.401763,
    2.147251,
    0.762418,
    0.691046,
    0.647924,
    0.660392,
    1.43532,
    0.617918,
    1.684321,
    3.833232,
    0.559039,
    0.585082,
    0.855853,
    0.627824,
    0.529552,
    0.781077,
    0.87969,
    0.753273,
    2.541094,
    0.959975,
    0.618207,
    0.621769,
    0.612663,
    0.6363,
    0.682341,
    1.429222,
    0.57241,
    0.793952,
    11.111109,
    1.331827,
    0.594233,
    0.63411,
    0.738333,
    0.807021,
    1.729021,
    0.399495,
    0.828251,
    0.533972,
    0.643598,
    0.582233,
    1.112252,
    0.500169,
    0.558741,
    0.538943,
    1.996536,
    0.595627,
    0.621881,
    0.693864,
    0.561677,
    0.590191,
    0.594586,
    0.492851,
    1.195101,
    0.849459,
    0.681207,
    0.676641,
    0.691025,
    0.427038,
    0.407055,
    0.89236,
    3.976334,
    0.433854,
    0.534886,
    0.588254,
    2.726953,
    1.035904,
    0.423919,
    1.505636,
    0.624664,
    1.34267,
    0.667623,
    0.330698,
    1.490201,
    0.747737,
    1.162465,
    0.716514,
    0.592344,
    0.450066,
    1.179917,
    0.552725,
    1.408374,
    0.979475,
    1.783468,
    0.682853,
    0.668782,
    1.456387,
    0.761736,
    14.897538,
    0.624219,
    0.583289,
    0.927152,
    1.553028,
    1.521955,
    0.324059,
    0.362107,
    0.602096,
    1.376875,
    0.394519,
    1.08171,
    0.486277,
    0.783135,
    0.478776,
    0.553618,
    27.74389,
    0.609134,
    2.016495,
    0.340475,
    0.637911,
    0.573384,
    0.559257
  ],
  "51200": [
    0.500098,
    1.428636,
    0.687399,
    0.623005,
    4.953572,
    0.491955,
    0.440434,
    0.613695,
    0.497942,
    0.394098,
    0.554827,
    0.636382,
    1.399329,
    0.682813,
    0.328258,
    0.352692,
    0.431956,
    0.653487,
    0.37372,
    0.415243,
    0.522634,
    1.064724,
    0.491091,
    1.008869,
    0.525755,
    0.353627,
    0.450186,
    1.430214,
    0.716012,
    2.904055,
    0.456474,
    1.52158,
    4.304576,
    0.414829,
    0.40873,
    0.558552,
    1.401763,
    2.147251,
    0.762418,
    0.691046,
    0.647924,
    0.660392,
    1.43532,
    0.617918,
    0.559039,
    0.585082,
    0.855853,
    0.627824,
    0.529552,
    0.781077,
    0.87969,
    0.753273,
    2.541094,
    0.959975,
    0.618207,
    0.621769,
    1.331827,
    0.594233,
    0.63411,
    0.738333,
    0.807021,
    1.729021,
    0.399495,
    0.828251,
    0.533972,
    0.643598,
    0.582233,
    1.112252,
    0.500169,
    0.558741,
    0.849459,
    0.681207,
    0.676641,
    0.691025,
    0.427038,
    0.407055,
    0.89236,
    3.976334,
    0.433854,
    0.534886,
    0.588254,
    2.726953,
    1.035904,
    0.423919,
    1.505636,
    0.624664,
    1.34267,
    1.490201,
    0.747737,
    1.162465,
    0.716514,
    0.592344,
    0.450066,
    1.179917,
    0.552725,
    1.408374,
    0.979475,
    1.783468,
    0.682853,
    0.668782,
    1.456387,
    0.761736,
    1.521955,
    0.324059,
    0.362107,
    0.602096,
    1.376875,
    0.394519,
    1.08171,
    0.486277,
    0.783135,
    0.478776
  ],
  "1048576": [
    0.610978,
    0.369599,
    0.841955,
    0.281349,
    0.394473,
    1.091712,
    0.472467,
    1.684321,
    0.612663,
    0.6363,
    0.682341,
    1.429222,
    0.57241,
    0.793952,
    11.111109,
    0.538943,
    1.996536,
    0.595627,
    0.621881,
    0.693864,
    0.561677,
    0.590191,
    0.594586,
    0.492851,
    0.667623,
    14.897538,
    0.624219,
    0.583289,
    0.553618,
    27.74389,
    0.609134,
    2.016495,
    0.340475,
    0.637911
  ],
  "5242880": [
    0.593704,
    3.833232,
    1.195101,
    0.330698,
    0.927152,
    1.553028,
    0.573384,
    0.559257
  ]
}