{
  "all": [
    0.772564,
    2.108904,
    1.452061,
    1.108136,
    5.468865,
    0.955588,
    0.706536,
    1.280888,
    0.910514,
    0.682046,
    0.785014,
    1.299706,
    1.807257,
    2.518008,
    7.105165,
    0.855544,
    0.605406,
    0.742093,
    1.072766,
    1.316544,
    0.668738,
    0.86269,
    0.794215,
    1.342237,
    0.868996,
    1.816163,
    1.006523,
    0.630491,
    1.591659,
    6.568871,
    1.320916,
    1.669718,
    7.801784,
    1.966677,
    0.692006,
    1.783829,
    0.913582,
    3.259617,
    0.740643,
    1.784711,
    4.698428,
    0.698941,
    0.656229,
    1.123067,
    1.841929,
    2.874752,
    1.112433,
    1.304786,
    0.875679,
    1.506595,
    1.900619,
    1.097572,
    7.417473,
    51.069406,
    1.066849,
    0.930114,
    1.743515,
    0.902108,
    0.767835,
    1.348821,
    1.087936,
    1.419959,
    4.109424,
    1.168315,
    1.028908,
    0.793033,
    2.908454,
    2.964823,
    3.034034,
    3.449504,
    4.648462,
    3.351367,
    15.239383,
    2.106377,
    0.971572,
    1.199785,
    1.413707,
    1.493471,
    2.47173,
    0.704237,
    1.611098,
    0.828732,
    1.080568,
    1.020853,
    1.693152,
    0.970078,
    1.099208,
    2.581169,
    6.355271,
    2.835867,
    3.137427,
    3.727448,
    2.692337,
    2.81312,
    2.626063,
    2.285029,
    33.146692,
    1.757903,
    1.348572,
    1.436143,
    1.168005,
    0.704612,
    0.625811,
    1.084925,
    5.095313,
    0.709619,
    0.976333,
    1.028667,
    3.542532,
    1.27021,
    0.660775,
    1.906269,
    1.026886,
    1.63886,
    3.206473,
    6.214561,
    1.946555,
    1.398762,
    1.9721,
    1.359698,
    0.987973,
    0.497778,
    1.678915,
    0.844702,
    1.630484,
    1.256689,
    2.443435,
    1.438227,
    1.046362,
    1.800123,
    2.254971,
    43.687388,
    2.842899,
    2.557115,
    23.552672,
    21.287983,
    1.931235,
    0.373031,
    0.679478,
    1.212696,
    1.80924,
    0.555247,
    1.417373,
    0.87357,
    1.467826,
    0.923499,
    2.311166,
    36.140113,
    11.001986,
    9.761129,
    1.65389,
    8.42771,
    7.039292,
    10.22573
  ],
  "51200": [
    0.772564,
    2.108904,
    1.452061,
    1.108136,
    5.468865,
    0.955588,
    0.706536,
    1.280888,
    0.910514,
    0.682046,
    0.785014,
    1.299706,
    1.807257,
    0.855544,
    0.605406,
    0.742093,
    1.072766,
    1.316544,
    0.668738,
    0.86269,
    0.794215,
    1.342237,
    0.868996,
    1.816163,
    1.006523,
    0.630491,
    0.692006,
    1.783829,
    0.913582,
    3.259617,
    0.740643,
    1.784711,
    4.698428,
    0.698941,
    0.656229,
    1.123067,
    1.841929,
    2.874752,
    1.112433,
    1.304786,
    0.875679,
    1.506595,
    1.900619,
    1.097572,
    1.066849,
    0.930114,
    1.743515,
    0.902108,
    0.767835,
    1.348821,
    1.087936,
    1.419959,
    4.109424,
    1.168315,
    1.028908,
    0.793033,
    2.106377,
    0.971572,
    1.199785,
    1.413707,
    1.493471,
    2.47173,
    0.704237,
    1.611098,
    0.828732,
    1.080568,
    1.020853,
    1.693152,
    0.970078,
    1.099208,
    1.757903,
    1.348572,
    1.436143,
    1.168005,
    0.704612,
    0.625811,
    1.084925,
    5.095313,
    0.709619,
    0.976333,
    1.028667,
    3.542532,
    1.27021,
    0.660775,
    1.906269,
    1.026886,
    1.63886,
    1.946555,
    1.398762,
    1.9721,
    1.359698,
    0.987973,
    0.497778,
    1.678915,
    0.844702,
    1.630484,
    1.256689,
    2.443435,
    1.438227,
    1.046362,
    1.800123,
    2.254971,
    1.931235,
    0.373031,
    0.679478,
    1.212696,
    1.80924,
    0.555247,
    1.417373,
    0.87357,
    1.467826,
    0.923499
  ],
  "1048576": [
    2.518008,
    1.591659,
    6.568871,
    1.320916,
    1.669718,
    7.801784,
    1.966677,
    7.417473,
    2.908454,
    2.964823,
    3.034034,
    3.449504,
    4.648462,
    3.351367,
    15.239383,
    2.581169,
    6.355271,
    2.835867,
    3.137427,
    3.727448,
    2.692337,
    2.81312,
    2.626063,
    2.285029,
    3.206473,
    43.687388,
    2.842899,
    2.557115,
    2.311166,
    36.140113,
    11.001986,
    9.761129,
    1.65389,
    8.42771
  ],
  "5242880": [
    7.105165,
    51.069406,
    33.146692,
    6.214561,
    23.552672,
    21.287983,
    7.039292,
    10.22573
  ]
}