{
  "ALL": [
    [
      69.23076923076923,
      2.5641025641025643
    ],
    [
      69.23076923076923,
      2.5641025641025643
    ],
    [
      97.5,
      2.5
    ],
    [
      97.5,
      2.5
    ],
    [
      85.0,
      2.5
    ],
    [
      85.0,
      2.5
    ],
    [
      80.48780487804878,
      2.4390243902439024
    ],
    [
      80.48780487804878,
      2.4390243902439024
    ],
    [
      82.5,
      2.5
    ],
    [
      82.5,
      2.5
    ],
    [
      77.5,
      2.5
    ],
    [
      77.5,
      2.5
    ],
    [
      82.5,
      2.5
    ],
    [
      82.5,
      2.5
    ],
    [
      82.05128205128206,
      2.5641025641025643
    ],
    [
      82.05128205128206,
      2.5641025641025643
    ]
  ],
  "TIMEOUT": [
    [
      69.23076923076923,
      2.5641025641025643
    ],
    [
      97.5,
      2.5
    ],
    [
      85.0,
      2.5
    ],
    [
      80.48780487804878,
      2.4390243902439024
    ],
    [
      82.5,
      2.5
    ],
    [
      77.5,
      2.5
    ],
    [
      82.5,
      2.5
    ],
    [
      82.05128205128206,
      2.5641025641025643
    ]
  ]
}