{
  "ALL": [
    [
      27.5,
      2.5
    ],
    [
      27.5,
      2.5
    ],
    [
      30.0,
      2.5
    ],
    [
      30.0,
      2.5
    ],
    [
      20.0,
      2.5
    ],
    [
      20.0,
      2.5
    ],
    [
      25.0,
      2.5
    ],
    [
      25.0,
      2.5
    ],
    [
      32.5,
      2.5
    ],
    [
      32.5,
      2.5
    ],
    [
      27.5,
      2.5
    ],
    [
      27.5,
      2.5
    ],
    [
      28.205128205128204,
      2.5641025641025643
    ],
    [
      28.205128205128204,
      2.5641025641025643
    ],
    [
      20.0,
      2.5
    ],
    [
      20.0,
      2.5
    ]
  ],
  "TIMEOUT": [
    [
      27.5,
      2.5
    ],
    [
      30.0,
      2.5
    ],
    [
      20.0,
      2.5
    ],
    [
      25.0,
      2.5
    ],
    [
      32.5,
      2.5
    ],
    [
      27.5,
      2.5
    ],
    [
      28.205128205128204,
      2.5641025641025643
    ],
    [
      20.0,
      2.5
    ]
  ]
}