{
  "ALL": [
    [
      23.076923076923077,
      2.5641025641025643
    ],
    [
      23.076923076923077,
      2.5641025641025643
    ],
    [
      12.5,
      2.5
    ],
    [
      12.5,
      2.5
    ],
    [
      7.5,
      2.5
    ],
    [
      7.5,
      2.5
    ],
    [
      22.5,
      2.5
    ],
    [
      22.5,
      2.5
    ],
    [
      5.0,
      2.5
    ],
    [
      5.0,
      2.5
    ],
    [
      2.5,
      2.5
    ],
    [
      2.5,
      2.5
    ],
    [
      20.0,
      2.5
    ],
    [
      20.0,
      2.5
    ],
    [
      15.0,
      2.5
    ],
    [
      15.0,
      2.5
    ]
  ],
  "TIMEOUT": [
    [
      23.076923076923077,
      2.5641025641025643
    ],
    [
      12.5,
      2.5
    ],
    [
      7.5,
      2.5
    ],
    [
      22.5,
      2.5
    ],
    [
      5.0,
      2.5
    ],
    [
      2.5,
      2.5
    ],
    [
      20.0,
      2.5
    ],
    [
      15.0,
      2.5
    ]
  ]
}