{
  "ALL": [
    [
      0.0,
      2.5
    ],
    [
      0.0,
      2.5
    ],
    [
      5.0,
      2.5
    ],
    [
      5.0,
      2.5
    ],
    [
      0.0,
      2.5
    ],
    [
      0.0,
      2.5
    ],
    [
      2.5,
      2.5
    ],
    [
      2.5,
      2.5
    ],
    [
      0.0,
      2.5
    ],
    [
      0.0,
      2.5
    ],
    [
      0.0,
      2.5641025641025643
    ],
    [
      0.0,
      2.5641025641025643
    ],
    [
      0.0,
      2.5
    ],
    [
      0.0,
      2.5
    ],
    [
      0.0,
      2.5641025641025643
    ],
    [
      0.0,
      2.5641025641025643
    ]
  ],
  "TIMEOUT": [
    [
      5.0,
      2.5
    ],
    [
      2.5,
      2.5
    ]
  ]
}