{
  "ALL": [
    [
      65.0,
      2.5
    ],
    [
      65.0,
      2.5
    ],
    [
      58.53658536585366,
      2.4390243902439024
    ],
    [
      58.53658536585366,
      2.4390243902439024
    ],
    [
      62.5,
      2.5
    ],
    [
      62.5,
      2.5
    ],
    [
      50.0,
      2.5
    ],
    [
      50.0,
      2.5
    ],
    [
      68.29268292682927,
      2.4390243902439024
    ],
    [
      68.29268292682927,
      2.4390243902439024
    ],
    [
      60.0,
      2.5
    ],
    [
      60.0,
      2.5
    ],
    [
      67.5,
      2.5
    ],
    [
      67.5,
      2.5
    ],
    [
      67.5,
      2.5
    ],
    [
      67.5,
      2.5
    ]
  ],
  "TIMEOUT": [
    [
      65.0,
      2.5
    ],
    [
      58.53658536585366,
      2.4390243902439024
    ],
    [
      62.5,
      2.5
    ],
    [
      50.0,
      2.5
    ],
    [
      68.29268292682927,
      2.4390243902439024
    ],
    [
      60.0,
      2.5
    ],
    [
      67.5,
      2.5
    ],
    [
      67.5,
      2.5
    ]
  ]
}