{
  "all": [
    0.570792,
    0.712174,
    0.666296,
    1.297401,
    0.491586,
    0.381161,
    0.315211,
    1.407904,
    0.377319,
    0.486189,
    0.501515,
    0.786623,
    0.431914,
    0.755623,
    1.696475,
    0.573785,
    0.636214,
    0.43076,
    0.895419,
    1.071157,
    0.468194,
    0.461964,
    1.410615,
    0.430982,
    0.702412,
    1.395611,
    1.257827,
    0.477392,
    0.859627,
    2.160365,
    0.881687,
    0.766561,
    1.238746,
    1.725895,
    1.132847,
    0.708428,
    0.581518,
    0.613023,
    0.793054,
    0.756079,
    0.812978,
    1.742272,
    0.552492,
    0.674013,
    0.837487,
    0.870589,
    1.519766,
    0.523389,
    1.078221,
    0.685056,
    1.255229,
    1.247574,
    0.492713,
    0.929192,
    0.559998,
    1.499516,
    0.806432,
    0.557864,
    0.760217,
    1.095892,
    0.659211,
    0.642706,
    0.526727,
    0.719955,
    1.469859,
    0.993354,
    1.1255,
    0.856535,
    0.478941,
    1.476479,
    0.558497,
    0.880126,
    0.433386,
    0.892892,
    0.319279,
    1.180737,
    0.661965,
    1.522375,
    1.463976,
    0.391575,
    0.759815,
    1.137586,
    0.36351,
    0.416538,
    0.56832,
    0.530481,
    0.555195,
    0.254074,
    1.580308,
    0.376225,
    0.281068,
    0.287889,
    0.306715,
    0.342003,
    0.352879,
    1.46095,
    1.03794,
    1.05376,
    0.525445,
    0.357558,
    0.851067,
    0.333103,
    0.40343,
    0.441353,
    1.455643,
    1.451457,
    0.681744,
    1.708139,
    0.278721,
    0.987521,
    0.504851,
    0.308068,
    0.585668,
    0.531692,
    0.392705,
    0.571166,
    0.726537,
    1.230127,
    1.288451,
    1.34833,
    1.101605
  ],
  "51200": [
    0.570792,
    0.712174,
    0.666296,
    1.297401,
    0.491586,
    0.381161,
    0.315211,
    1.407904,
    0.377319,
    0.486189,
    0.501515,
    1.696475,
    0.573785,
    0.636214,
    0.43076,
    0.895419,
    1.071157,
    0.468194,
    0.461964,
    1.410615,
    0.430982,
    0.702412,
    1.395611,
    1.257827,
    0.477392,
    0.859627,
    0.766561,
    1.238746,
    1.725895,
    1.132847,
    0.708428,
    0.581518,
    0.613023,
    0.793054,
    0.756079,
    0.812978,
    1.742272,
    1.519766,
    0.523389,
    1.078221,
    0.685056,
    1.255229,
    1.247574,
    0.492713,
    0.929192,
    0.559998,
    1.499516,
    0.806432,
    0.557864,
    0.760217,
    1.095892,
    0.659211,
    0.642706,
    1.1255,
    0.856535,
    0.478941,
    1.476479,
    0.558497,
    0.880126,
    0.433386,
    0.892892,
    0.319279,
    1.180737,
    0.391575,
    0.759815,
    1.137586,
    0.36351,
    0.416538,
    0.56832,
    0.530481,
    0.555195,
    0.254074,
    1.580308,
    0.376225,
    1.46095,
    1.03794,
    1.05376,
    0.525445,
    0.357558,
    0.851067,
    0.333103,
    0.40343,
    0.278721,
    0.987521,
    0.504851,
    0.308068,
    0.585668,
    0.531692,
    0.392705,
    0.571166
  ],
  "1048576": [
    0.786623,
    0.431914,
    0.755623,
    2.160365,
    0.552492,
    0.674013,
    0.837487,
    0.870589,
    0.526727,
    0.719955,
    1.469859,
    0.661965,
    1.522375,
    0.281068,
    0.287889,
    0.306715,
    0.342003,
    0.352879,
    0.441353,
    1.455643,
    0.726537,
    1.230127,
    1.288451
  ],
  "5242880": [
    0.881687,
    0.993354,
    1.463976,
    1.451457,
    0.681744,
    1.708139,
    1.34833,
    1.101605
  ]
}