{
  "all": [
    0.876852,
    1.785731,
    1.531787,
    1.62668,
    0.796348,
    0.758746,
    0.517036,
    1.684411,
    0.663665,
    0.734312,
    0.777323,
    3.189478,
    2.022722,
    3.427849,
    2.39843,
    0.985528,
    1.040777,
    0.604214,
    1.662339,
    2.185113,
    0.630748,
    0.940655,
    1.822702,
    0.656945,
    1.120876,
    1.749789,
    2.664495,
    0.755093,
    1.913622,
    11.784511,
    9.956859,
    1.056953,
    2.70907,
    2.077841,
    1.969518,
    1.052417,
    0.857684,
    0.914097,
    1.07462,
    1.069842,
    1.512599,
    2.429431,
    2.523781,
    4.446432,
    3.788561,
    3.540223,
    1.821216,
    0.769015,
    2.136455,
    1.094032,
    2.705059,
    2.420315,
    0.665778,
    2.001295,
    0.84257,
    1.874558,
    1.171997,
    0.841441,
    1.125561,
    2.523692,
    1.050801,
    1.049944,
    2.47703,
    3.062454,
    3.662456,
    11.768452,
    2.554632,
    1.569574,
    0.862836,
    1.827779,
    1.606091,
    2.292293,
    0.828645,
    2.304246,
    0.67769,
    2.612346,
    5.855321,
    4.249483,
    10.53175,
    0.597026,
    1.459909,
    1.634577,
    0.641703,
    0.757357,
    0.849802,
    0.872733,
    0.963383,
    0.492998,
    2.990485,
    0.596804,
    1.272464,
    1.356552,
    1.429582,
    1.47304,
    1.574271,
    2.662044,
    1.253499,
    2.444063,
    0.801069,
    0.652279,
    1.902414,
    0.554207,
    0.800608,
    2.009389,
    3.669744,
    25.743095,
    14.71124,
    30.115652,
    0.529131,
    2.485217,
    1.217294,
    0.517009,
    1.03246,
    1.239019,
    0.636362,
    1.266407,
    3.250186,
    2.722205,
    2.752091,
    8.314324,
    11.377964
  ],
  "51200": [
    0.876852,
    1.785731,
    1.531787,
    1.62668,
    0.796348,
    0.758746,
    0.517036,
    1.684411,
    0.663665,
    0.734312,
    0.777323,
    2.39843,
    0.985528,
    1.040777,
    0.604214,
    1.662339,
    2.185113,
    0.630748,
    0.940655,
    1.822702,
    0.656945,
    1.120876,
    1.749789,
    2.664495,
    0.755093,
    1.913622,
    1.056953,
    2.70907,
    2.077841,
    1.969518,
    1.052417,
    0.857684,
    0.914097,
    1.07462,
    1.069842,
    1.512599,
    2.429431,
    1.821216,
    0.769015,
    2.136455,
    1.094032,
    2.705059,
    2.420315,
    0.665778,
    2.001295,
    0.84257,
    1.874558,
    1.171997,
    0.841441,
    1.125561,
    2.523692,
    1.050801,
    1.049944,
    2.554632,
    1.569574,
    0.862836,
    1.827779,
    1.606091,
    2.292293,
    0.828645,
    2.304246,
    0.67769,
    2.612346,
    0.597026,
    1.459909,
    1.634577,
    0.641703,
    0.757357,
    0.849802,
    0.872733,
    0.963383,
    0.492998,
    2.990485,
    0.596804,
    2.662044,
    1.253499,
    2.444063,
    0.801069,
    0.652279,
    1.902414,
    0.554207,
    0.800608,
    0.529131,
    2.485217,
    1.217294,
    0.517009,
    1.03246,
    1.239019,
    0.636362,
    1.266407
  ],
  "1048576": [
    3.189478,
    2.022722,
    3.427849,
    11.784511,
    2.523781,
    4.446432,
    3.788561,
    3.540223,
    2.47703,
    3.062454,
    3.662456,
    5.855321,
    4.249483,
    1.272464,
    1.356552,
    1.429582,
    1.47304,
    1.574271,
    2.009389,
    3.669744,
    3.250186,
    2.722205,
    2.752091
  ],
  "5242880": [
    9.956859,
    11.768452,
    10.53175,
    25.743095,
    14.71124,
    30.115652,
    8.314324,
    11.377964
  ]
}