{
  "ALL": [
    [
      75.0,
      2.5
    ],
    [
      75.0,
      2.5
    ],
    [
      75.0,
      2.5
    ],
    [
      75.0,
      2.5
    ],
    [
      55.0,
      2.5
    ],
    [
      55.0,
      2.5
    ],
    [
      64.1025641025641,
      2.5641025641025643
    ],
    [
      64.1025641025641,
      2.5641025641025643
    ],
    [
      74.35897435897436,
      2.5641025641025643
    ],
    [
      74.35897435897436,
      2.5641025641025643
    ],
    [
      72.5,
      2.5
    ],
    [
      72.5,
      2.5
    ],
    [
      82.5,
      2.5
    ],
    [
      82.5,
      2.5
    ],
    [
      80.0,
      2.5
    ],
    [
      80.0,
      2.5
    ]
  ],
  "TIMEOUT": [
    [
      75.0,
      2.5
    ],
    [
      75.0,
      2.5
    ],
    [
      55.0,
      2.5
    ],
    [
      64.1025641025641,
      2.5641025641025643
    ],
    [
      74.35897435897436,
      2.5641025641025643
    ],
    [
      72.5,
      2.5
    ],
    [
      82.5,
      2.5
    ],
    [
      80.0,
      2.5
    ]
  ]
}