{
  "ALL": [
    [
      76.92307692307692,
      2.5641025641025643
    ],
    [
      76.92307692307692,
      2.5641025641025643
    ],
    [
      70.0,
      2.5
    ],
    [
      70.0,
      2.5
    ],
    [
      66.66666666666667,
      2.5641025641025643
    ],
    [
      66.66666666666667,
      2.5641025641025643
    ],
    [
      77.5,
      2.5
    ],
    [
      77.5,
      2.5
    ],
    [
      65.0,
      2.5
    ],
    [
      65.0,
      2.5
    ],
    [
      67.5,
      2.5
    ],
    [
      67.5,
      2.5
    ],
    [
      78.04878048780488,
      2.4390243902439024
    ],
    [
      78.04878048780488,
      2.4390243902439024
    ],
    [
      82.5,
      2.5
    ],
    [
      82.5,
      2.5
    ]
  ],
  "TIMEOUT": [
    [
      76.92307692307692,
      2.5641025641025643
    ],
    [
      70.0,
      2.5
    ],
    [
      66.66666666666667,
      2.5641025641025643
    ],
    [
      77.5,
      2.5
    ],
    [
      65.0,
      2.5
    ],
    [
      67.5,
      2.5
    ],
    [
      78.04878048780488,
      2.4390243902439024
    ],
    [
      82.5,
      2.5
    ]
  ]
}