{
  "ALL": [
    [
      2.5,
      2.5
    ],
    [
      2.5,
      2.5
    ],
    [
      7.6923076923076925,
      2.5641025641025643
    ],
    [
      7.6923076923076925,
      2.5641025641025643
    ],
    [
      12.5,
      2.5
    ],
    [
      12.5,
      2.5
    ],
    [
      0.0,
      2.5
    ],
    [
      0.0,
      2.5
    ],
    [
      0.0,
      2.5641025641025643
    ],
    [
      0.0,
      2.5641025641025643
    ],
    [
      2.5,
      2.5
    ],
    [
      2.5,
      2.5
    ],
    [
      0.0,
      2.5
    ],
    [
      0.0,
      2.5
    ],
    [
      0.0,
      2.5
    ],
    [
      0.0,
      2.5
    ]
  ],
  "TIMEOUT": [
    [
      2.5,
      2.5
    ],
    [
      7.6923076923076925,
      2.5641025641025643
    ],
    [
      12.5,
      2.5
    ],
    [
      2.5,
      2.5
    ]
  ]
}