{
  "ALL": [
    [
      50.0,
      2.5
    ],
    [
      50.0,
      2.5
    ],
    [
      65.0,
      2.5
    ],
    [
      65.0,
      2.5
    ],
    [
      70.0,
      2.5
    ],
    [
      70.0,
      2.5
    ],
    [
      47.5,
      2.5
    ],
    [
      47.5,
      2.5
    ],
    [
      61.53846153846154,
      2.5641025641025643
    ],
    [
      61.53846153846154,
      2.5641025641025643
    ],
    [
      52.63157894736842,
      2.6315789473684212
    ],
    [
      52.63157894736842,
      2.6315789473684212
    ],
    [
      60.0,
      2.5
    ],
    [
      60.0,
      2.5
    ],
    [
      55.0,
      2.5
    ],
    [
      55.0,
      2.5
    ]
  ],
  "TIMEOUT": [
    [
      50.0,
      2.5
    ],
    [
      65.0,
      2.5
    ],
    [
      70.0,
      2.5
    ],
    [
      47.5,
      2.5
    ],
    [
      61.53846153846154,
      2.5641025641025643
    ],
    [
      52.63157894736842,
      2.6315789473684212
    ],
    [
      60.0,
      2.5
    ],
    [
      55.0,
      2.5
    ]
  ]
}