{
  "all": [
    7.312699,
    9.103444,
    2.558328,
    1.63659,
    7.768434,
    10.215486,
    10.001858,
    10.123467,
    7.644282,
    5.06916,
    3.234258,
    9.533414,
    5.981832,
    1.803785,
    1.756875,
    1.780169,
    54.367507,
    38.188485,
    1.783647,
    20.210399,
    8.696341,
    2.78046,
    10.168935,
    3.973012,
    2.450742,
    7.906778,
    0.667586,
    0.663593,
    10.894002,
    9.997923,
    0.594655,
    3.698776,
    113.797468,
    31.278864,
    6.912222,
    8.811089,
    8.897055,
    9.577386,
    7.467611,
    8.400082,
    8.98246,
    0.468011,
    9.923774,
    7.062392,
    43.416083,
    9.382005,
    3.091991,
    8.518007,
    8.452304,
    7.742979,
    8.019376,
    9.338665,
    7.763917,
    2.125814,
    10.336771,
    2.687152,
    8.463975,
    9.152629,
    10.015728,
    4.217847,
    5.276773,
    3.966396,
    9.92621,
    4.997068,
    2.159536,
    5.051816,
    34.370977,
    2.903194,
    8.463966,
    9.197544,
    8.264005,
    11.092943,
    1.099233,
    8.757074,
    10.47228,
    1.267011,
    2.133519,
    2.399924,
    2.148942,
    4.14288,
    9.17661,
    6.595241,
    7.251265,
    5.683664,
    7.899351,
    7.750139,
    10.337501,
    7.44172,
    0.714364,
    0.496893,
    7.812314,
    0.848086,
    10.601563,
    2.5004,
    4.509856,
    9.192306,
    6.845977,
    9.825415,
    9.405507,
    15.448372,
    5.353813,
    9.470341,
    10.485892,
    0.863045,
    0.743896,
    1.433052,
    0.523227,
    2.589115,
    11.007436,
    5.285012,
    5.831339,
    2.19108,
    19.604518,
    38.281761,
    1.828606,
    41.907184,
    7.177498,
    10.737613,
    9.480961,
    8.43081,
    10.859982,
    3.414729,
    1.548902,
    0.724884,
    1.669493,
    6.50591,
    2.635976,
    3.368358,
    0.783839,
    3.672931,
    1.353185,
    7.494556,
    1.584566,
    26.91257
  ],
  "51200": [
    7.312699,
    9.103444,
    2.558328,
    1.63659,
    7.768434,
    10.215486,
    10.001858,
    10.123467,
    7.644282,
    5.06916,
    3.234258,
    9.533414,
    5.981832,
    1.803785,
    1.756875,
    1.780169,
    8.696341,
    2.78046,
    10.168935,
    3.973012,
    2.450742,
    7.906778,
    0.667586,
    0.663593,
    10.894002,
    9.997923,
    0.594655,
    3.698776,
    6.912222,
    8.811089,
    8.897055,
    9.577386,
    7.467611,
    8.400082,
    8.98246,
    0.468011,
    9.923774,
    7.062392,
    3.091991,
    8.518007,
    8.452304,
    7.742979,
    8.019376,
    9.338665,
    7.763917,
    2.125814,
    10.336771,
    2.687152,
    8.463975,
    9.152629,
    10.015728,
    4.217847,
    5.276773,
    3.966396,
    9.92621,
    2.903194,
    8.463966,
    9.197544,
    8.264005,
    11.092943,
    1.099233,
    8.757074,
    10.47228,
    1.267011,
    2.133519,
    2.399924,
    2.148942,
    4.14288,
    7.251265,
    5.683664,
    7.899351,
    7.750139,
    10.337501,
    7.44172,
    0.714364,
    0.496893,
    7.812314,
    0.848086,
    10.601563,
    2.5004,
    4.509856,
    9.192306,
    6.845977,
    9.825415,
    5.353813,
    9.470341,
    10.485892,
    0.863045,
    0.743896,
    1.433052,
    0.523227,
    2.589115,
    11.007436,
    5.285012,
    5.831339,
    2.19108,
    7.177498,
    10.737613,
    9.480961,
    8.43081,
    10.859982,
    3.414729,
    1.548902,
    0.724884,
    1.669493,
    6.50591,
    2.635976,
    3.368358,
    0.783839,
    3.672931,
    1.353185,
    7.494556
  ],
  "1048576": [
    54.367507,
    38.188485,
    1.783647,
    20.210399,
    43.416083,
    9.382005,
    4.997068,
    2.159536,
    5.051816,
    9.17661,
    6.595241,
    9.405507,
    19.604518,
    38.281761,
    1.828606,
    1.584566
  ],
  "5242880": [
    113.797468,
    31.278864,
    34.370977,
    15.448372,
    41.907184,
    26.91257
  ]
}