{
  "all": [
    2.68501,
    3.430933,
    1.377868,
    1.237164,
    2.701503,
    3.47323,
    3.42299,
    3.671908,
    3.646711,
    2.267185,
    1.180673,
    3.38803,
    5.843411,
    0.771852,
    1.384308,
    0.896551,
    2.974891,
    3.820531,
    0.398267,
    14.517631,
    3.273015,
    2.18838,
    3.308511,
    1.998709,
    1.104954,
    2.787284,
    0.317304,
    0.379629,
    3.575159,
    3.447573,
    0.352155,
    1.384568,
    4.626193,
    2.614035,
    2.151061,
    3.056692,
    3.222448,
    3.22702,
    7.155108,
    2.834107,
    3.160576,
    0.292109,
    3.45599,
    5.462413,
    5.987315,
    1.478751,
    1.844115,
    3.001483,
    3.143411,
    3.732016,
    4.592376,
    3.170107,
    3.007541,
    1.840179,
    3.789743,
    2.353651,
    2.925807,
    3.270818,
    3.522068,
    2.803026,
    2.446158,
    3.386579,
    3.372161,
    1.059103,
    0.505298,
    0.445238,
    2.726684,
    1.324721,
    3.123258,
    3.346436,
    3.949081,
    3.907214,
    0.636249,
    0.961686,
    3.683003,
    0.939099,
    1.002535,
    1.976738,
    1.80955,
    3.942608,
    2.093148,
    0.834652,
    2.622536,
    2.615615,
    3.47696,
    3.80185,
    3.833806,
    3.750613,
    0.424445,
    0.327418,
    3.489677,
    0.810213,
    3.558357,
    1.118058,
    2.18188,
    3.346264,
    3.311692,
    3.347249,
    0.984618,
    1.127311,
    4.125705,
    3.285117,
    3.489638,
    0.375523,
    0.407644,
    0.755075,
    0.350954,
    0.955125,
    3.662052,
    2.67548,
    2.544719,
    1.850895,
    3.28246,
    7.084913,
    0.401041,
    3.098759,
    2.590726,
    3.78091,
    3.259179,
    4.594662,
    3.490083,
    1.571714,
    1.246507,
    0.435343,
    1.218445,
    4.047618,
    0.949675,
    1.555741,
    0.360749,
    1.931052,
    0.620922,
    5.675318,
    0.338684,
    1.968179
  ],
  "51200": [
    2.68501,
    3.430933,
    1.377868,
    1.237164,
    2.701503,
    3.47323,
    3.42299,
    3.671908,
    3.646711,
    2.267185,
    1.180673,
    3.38803,
    5.843411,
    0.771852,
    1.384308,
    0.896551,
    3.273015,
    2.18838,
    3.308511,
    1.998709,
    1.104954,
    2.787284,
    0.317304,
    0.379629,
    3.575159,
    3.447573,
    0.352155,
    1.384568,
    2.151061,
    3.056692,
    3.222448,
    3.22702,
    7.155108,
    2.834107,
    3.160576,
    0.292109,
    3.45599,
    5.462413,
    1.844115,
    3.001483,
    3.143411,
    3.732016,
    4.592376,
    3.170107,
    3.007541,
    1.840179,
    3.789743,
    2.353651,
    2.925807,
    3.270818,
    3.522068,
    2.803026,
    2.446158,
    3.386579,
    3.372161,
    1.324721,
    3.123258,
    3.346436,
    3.949081,
    3.907214,
    0.636249,
    0.961686,
    3.683003,
    0.939099,
    1.002535,
    1.976738,
    1.80955,
    3.942608,
    2.622536,
    2.615615,
    3.47696,
    3.80185,
    3.833806,
    3.750613,
    0.424445,
    0.327418,
    3.489677,
    0.810213,
    3.558357,
    1.118058,
    2.18188,
    3.346264,
    3.311692,
    3.347249,
    4.125705,
    3.285117,
    3.489638,
    0.375523,
    0.407644,
    0.755075,
    0.350954,
    0.955125,
    3.662052,
    2.67548,
    2.544719,
    1.850895,
    2.590726,
    3.78091,
    3.259179,
    4.594662,
    3.490083,
    1.571714,
    1.246507,
    0.435343,
    1.218445,
    4.047618,
    0.949675,
    1.555741,
    0.360749,
    1.931052,
    0.620922,
    5.675318
  ],
  "1048576": [
    2.974891,
    3.820531,
    0.398267,
    14.517631,
    5.987315,
    1.478751,
    1.059103,
    0.505298,
    0.445238,
    2.093148,
    0.834652,
    0.984618,
    3.28246,
    7.084913,
    0.401041,
    0.338684
  ],
  "5242880": [
    4.626193,
    2.614035,
    2.726684,
    1.127311,
    3.098759,
    1.968179
  ]
}