{
  "ALL": [
    [
      100.0,
      2.5641025641025643
    ],
    [
      100.0,
      2.5641025641025643
    ],
    [
      100.0,
      2.5
    ],
    [
      100.0,
      2.5
    ],
    [
      95.0,
      2.5
    ],
    [
      95.0,
      2.5
    ],
    [
      95.0,
      2.5
    ],
    [
      95.0,
      2.5
    ],
    [
      95.0,
      2.5
    ],
    [
      95.0,
      2.5
    ],
    [
      87.5,
      2.5
    ],
    [
      87.5,
      2.5
    ],
    [
      92.5,
      2.5
    ],
    [
      92.5,
      2.5
    ],
    [
      97.43589743589743,
      2.5641025641025643
    ],
    [
      97.43589743589743,
      2.5641025641025643
    ]
  ],
  "TIMEOUT": [
    [
      100.0,
      2.5641025641025643
    ],
    [
      100.0,
      2.5
    ],
    [
      95.0,
      2.5
    ],
    [
      95.0,
      2.5
    ],
    [
      95.0,
      2.5
    ],
    [
      87.5,
      2.5
    ],
    [
      92.5,
      2.5
    ],
    [
      97.43589743589743,
      2.5641025641025643
    ]
  ]
}