{
  "all": [
    0.697542,
    1.716498,
    3.91763,
    0.702938,
    1.233209,
    0.685534,
    3.572685,
    0.310476,
    1.306359,
    0.506393,
    0.908037,
    0.808285,
    2.379317,
    1.145945,
    1.918361
  ],
  "51200": [
    0.697542,
    1.716498,
    3.91763,
    1.233209,
    0.685534,
    3.572685,
    0.310476,
    1.306359,
    0.506393,
    0.808285,
    2.379317,
    1.918361
  ],
  "1048576": [
    0.702938,
    0.908037,
    1.145945
  ]
}