{
  "all": [
    1.778691,
    2.293183,
    4.147856,
    9.360047,
    1.661544,
    0.988052,
    9.681922,
    4.050478,
    2.245081,
    1.063846,
    8.867657,
    1.253261,
    3.743133,
    5.11177,
    2.851007
  ],
  "51200": [
    1.778691,
    2.293183,
    4.147856,
    1.661544,
    0.988052,
    9.681922,
    4.050478,
    2.245081,
    1.063846,
    1.253261,
    3.743133,
    2.851007
  ],
  "1048576": [
    9.360047,
    8.867657,
    5.11177
  ]
}