{
  "ALL": [
    [
      60.0,
      2.5
    ],
    [
      60.0,
      2.5
    ],
    [
      52.5,
      2.5
    ],
    [
      52.5,
      2.5
    ],
    [
      58.97435897435897,
      2.5641025641025643
    ],
    [
      58.97435897435897,
      2.5641025641025643
    ],
    [
      47.5,
      2.5
    ],
    [
      47.5,
      2.5
    ],
    [
      51.282051282051285,
      2.5641025641025643
    ],
    [
      51.282051282051285,
      2.5641025641025643
    ],
    [
      57.5,
      2.5
    ],
    [
      57.5,
      2.5
    ],
    [
      37.5,
      2.5
    ],
    [
      37.5,
      2.5
    ],
    [
      47.5,
      2.5
    ],
    [
      47.5,
      2.5
    ]
  ],
  "TIMEOUT": [
    [
      60.0,
      2.5
    ],
    [
      52.5,
      2.5
    ],
    [
      58.97435897435897,
      2.5641025641025643
    ],
    [
      47.5,
      2.5
    ],
    [
      51.282051282051285,
      2.5641025641025643
    ],
    [
      57.5,
      2.5
    ],
    [
      37.5,
      2.5
    ],
    [
      47.5,
      2.5
    ]
  ]
}