{
  "all": [
    2.921062,
    1.195985,
    2.885687,
    0.556588,
    2.86878,
    3.187706,
    3.032397,
    1.553997,
    3.678181,
    0.621359,
    2.474662,
    2.409358,
    2.529938,
    0.901133,
    3.656597,
    1.066128,
    2.670124,
    2.306821,
    3.253038,
    2.247121,
    0.543649,
    3.105447,
    2.937294,
    2.719905,
    3.53448,
    1.153012,
    1.280408,
    3.692844,
    3.290459,
    0.770732,
    2.608742,
    3.114747,
    2.712619,
    1.041851,
    1.089094,
    2.743014,
    2.91181,
    3.222606,
    2.184999,
    2.870334,
    2.487955,
    2.653235,
    1.463399,
    3.524363,
    2.604935,
    1.090653,
    3.34003,
    0.906753,
    3.921503,
    2.956931,
    0.869598,
    2.673827,
    3.659692,
    2.687185,
    2.817028,
    1.027174,
    3.235543,
    2.812562,
    3.878128,
    3.476688,
    3.597597,
    0.909708,
    2.548583,
    1.842154,
    1.214788,
    2.236576,
    1.466993,
    2.985555,
    3.273089,
    0.563846,
    3.242983,
    2.687088,
    2.516705,
    2.547635,
    2.465729,
    3.191615,
    2.248097,
    2.492439,
    2.640985,
    2.889336,
    2.505264,
    1.003163,
    1.271595,
    2.203077,
    3.487159,
    3.434219,
    2.608497,
    3.961324,
    1.579478,
    2.47177,
    2.174375,
    2.572733,
    2.696327,
    2.590525,
    3.251491,
    3.568551,
    2.622669,
    2.847397,
    2.689656,
    0.585165,
    1.013939,
    9.420893,
    2.023393,
    1.102672,
    5.051919,
    9.381677,
    1.842565,
    2.50844,
    2.473754,
    2.86341,
    2.784996,
    2.515789,
    2.560214,
    2.68049,
    3.165957,
    1.076924,
    2.878332,
    1.809745,
    3.660371,
    1.015411,
    3.180976,
    0.96704,
    1.376531,
    1.368975,
    0.310597,
    0.529138,
    1.317456,
    0.679165,
    1.65315,
    0.758809,
    2.387383,
    2.440532,
    1.171844,
    2.937824,
    1.223818,
    3.326742,
    3.022921,
    2.889124,
    2.702914,
    3.394203,
    1.196345,
    3.205076,
    3.64791,
    5.594049,
    1.040842,
    3.827427,
    0.715669,
    1.771699,
    2.729667,
    1.189384,
    3.130983,
    1.800528,
    2.593842,
    0.993528
  ],
  "51200": [
    2.921062,
    1.195985,
    2.885687,
    0.556588,
    2.86878,
    3.187706,
    3.032397,
    1.553997,
    3.678181,
    0.621359,
    2.474662,
    2.670124,
    2.306821,
    3.253038,
    2.247121,
    0.543649,
    3.105447,
    2.937294,
    2.719905,
    3.53448,
    1.153012,
    1.280408,
    3.692844,
    3.290459,
    0.770732,
    2.743014,
    2.91181,
    3.222606,
    2.184999,
    2.870334,
    2.487955,
    2.653235,
    1.463399,
    3.524363,
    2.673827,
    3.659692,
    2.687185,
    2.817028,
    1.027174,
    3.235543,
    2.812562,
    3.878128,
    3.476688,
    3.597597,
    0.909708,
    2.548583,
    1.842154,
    1.214788,
    2.516705,
    2.547635,
    2.465729,
    3.191615,
    2.248097,
    2.492439,
    2.640985,
    2.889336,
    2.505264,
    1.003163,
    1.271595,
    2.203077,
    3.487159,
    3.434219,
    2.608497,
    3.961324,
    1.579478,
    2.572733,
    2.696327,
    2.590525,
    3.251491,
    3.568551,
    2.622669,
    2.847397,
    2.689656,
    0.585165,
    1.013939,
    9.420893,
    2.023393,
    1.102672,
    5.051919,
    9.381677,
    2.473754,
    2.86341,
    2.784996,
    2.515789,
    2.560214,
    2.68049,
    3.165957,
    1.076924,
    2.878332,
    1.809745,
    3.660371,
    1.015411,
    3.180976,
    0.96704,
    1.376531,
    1.368975,
    0.310597,
    0.529138,
    1.317456,
    0.679165,
    1.65315,
    0.758809,
    2.937824,
    1.223818,
    3.326742,
    3.022921,
    2.889124,
    2.702914,
    3.394203,
    1.196345,
    3.205076,
    3.64791,
    5.594049,
    1.040842,
    3.827427,
    0.715669,
    1.771699,
    2.729667,
    1.189384,
    3.130983,
    1.800528
  ],
  "1048576": [
    2.409358,
    2.529938,
    0.901133,
    3.656597,
    2.608742,
    3.114747,
    2.712619,
    1.041851,
    2.604935,
    1.090653,
    3.34003,
    0.906753,
    3.921503,
    2.236576,
    1.466993,
    2.985555,
    3.273089,
    0.563846,
    3.242983,
    2.47177,
    1.842565,
    2.387383,
    2.593842,
    0.993528
  ],
  "5242880": [
    1.066128,
    1.089094,
    2.956931,
    0.869598,
    2.687088,
    2.174375,
    2.50844,
    2.440532,
    1.171844
  ]
}