{
  "all": [
    6.919132,
    2.692801,
    6.826411,
    0.958404,
    7.785554,
    9.018603,
    8.366533,
    3.317091,
    9.338292,
    0.981331,
    3.640851,
    42.442865,
    42.629139,
    4.157084,
    38.086383,
    16.392789,
    5.868363,
    5.016372,
    8.230187,
    6.456889,
    1.173968,
    9.352568,
    8.16009,
    7.653881,
    9.366407,
    2.225941,
    2.930999,
    10.255729,
    8.933014,
    1.03763,
    40.738077,
    12.241317,
    43.703141,
    4.692245,
    44.443279,
    6.191698,
    6.649717,
    8.207142,
    5.422988,
    7.863285,
    6.949677,
    7.433207,
    2.567834,
    10.259512,
    40.056552,
    4.505813,
    14.687743,
    9.857333,
    49.110555,
    21.249345,
    19.344265,
    5.728994,
    7.289741,
    7.912842,
    7.459818,
    1.579909,
    8.924981,
    8.316004,
    10.346149,
    10.099622,
    10.283056,
    1.20397,
    6.877965,
    2.804515,
    2.417412,
    37.202702,
    5.459428,
    41.727006,
    37.976454,
    2.257124,
    42.730098,
    104.328842,
    5.122838,
    5.765949,
    6.822073,
    7.017228,
    6.806395,
    7.1827,
    7.953225,
    8.794667,
    7.150942,
    2.266178,
    1.586452,
    5.585288,
    9.719687,
    5.671232,
    7.576201,
    10.173095,
    1.807393,
    20.919644,
    84.802294,
    5.551937,
    5.719177,
    6.560406,
    9.479035,
    7.311311,
    6.079209,
    8.44241,
    7.598963,
    0.957697,
    1.753643,
    10.230675,
    2.399087,
    2.20544,
    5.885617,
    9.656939,
    7.406281,
    112.375405,
    5.170118,
    6.040334,
    6.317078,
    7.263831,
    7.705045,
    7.964547,
    8.9962,
    1.800474,
    8.133574,
    2.992756,
    9.785334,
    2.190179,
    9.78181,
    1.741237,
    1.982755,
    2.154019,
    0.551243,
    1.160472,
    1.925332,
    1.105042,
    2.757465,
    1.506542,
    6.690556,
    105.602457,
    21.400225,
    5.970222,
    2.347899,
    6.948542,
    6.565724,
    7.665834,
    7.105556,
    9.585277,
    1.993919,
    8.534094,
    9.858525,
    7.085327,
    1.821881,
    10.617316,
    1.340133,
    2.605369,
    7.419298,
    2.019845,
    9.420531,
    1.928854,
    14.926814,
    4.275223
  ],
  "51200": [
    6.919132,
    2.692801,
    6.826411,
    0.958404,
    7.785554,
    9.018603,
    8.366533,
    3.317091,
    9.338292,
    0.981331,
    3.640851,
    5.868363,
    5.016372,
    8.230187,
    6.456889,
    1.173968,
    9.352568,
    8.16009,
    7.653881,
    9.366407,
    2.225941,
    2.930999,
    10.255729,
    8.933014,
    1.03763,
    6.191698,
    6.649717,
    8.207142,
    5.422988,
    7.863285,
    6.949677,
    7.433207,
    2.567834,
    10.259512,
    5.728994,
    7.289741,
    7.912842,
    7.459818,
    1.579909,
    8.924981,
    8.316004,
    10.346149,
    10.099622,
    10.283056,
    1.20397,
    6.877965,
    2.804515,
    2.417412,
    5.122838,
    5.765949,
    6.822073,
    7.017228,
    6.806395,
    7.1827,
    7.953225,
    8.794667,
    7.150942,
    2.266178,
    1.586452,
    5.585288,
    9.719687,
    5.671232,
    7.576201,
    10.173095,
    1.807393,
    5.551937,
    5.719177,
    6.560406,
    9.479035,
    7.311311,
    6.079209,
    8.44241,
    7.598963,
    0.957697,
    1.753643,
    10.230675,
    2.399087,
    2.20544,
    5.885617,
    9.656939,
    5.170118,
    6.040334,
    6.317078,
    7.263831,
    7.705045,
    7.964547,
    8.9962,
    1.800474,
    8.133574,
    2.992756,
    9.785334,
    2.190179,
    9.78181,
    1.741237,
    1.982755,
    2.154019,
    0.551243,
    1.160472,
    1.925332,
    1.105042,
    2.757465,
    1.506542,
    5.970222,
    2.347899,
    6.948542,
    6.565724,
    7.665834,
    7.105556,
    9.585277,
    1.993919,
    8.534094,
    9.858525,
    7.085327,
    1.821881,
    10.617316,
    1.340133,
    2.605369,
    7.419298,
    2.019845,
    9.420531,
    1.928854
  ],
  "1048576": [
    42.442865,
    42.629139,
    4.157084,
    38.086383,
    40.738077,
    12.241317,
    43.703141,
    4.692245,
    40.056552,
    4.505813,
    14.687743,
    9.857333,
    49.110555,
    37.202702,
    5.459428,
    41.727006,
    37.976454,
    2.257124,
    42.730098,
    20.919644,
    7.406281,
    6.690556,
    14.926814,
    4.275223
  ],
  "5242880": [
    16.392789,
    44.443279,
    21.249345,
    19.344265,
    104.328842,
    84.802294,
    112.375405,
    105.602457,
    21.400225
  ]
}