{
  "ALL": [
    [
      75.0,
      2.5
    ],
    [
      75.0,
      2.5
    ],
    [
      87.5,
      2.5
    ],
    [
      87.5,
      2.5
    ],
    [
      76.92307692307692,
      2.5641025641025643
    ],
    [
      76.92307692307692,
      2.5641025641025643
    ],
    [
      85.0,
      2.5
    ],
    [
      85.0,
      2.5
    ],
    [
      82.5,
      2.5
    ],
    [
      82.5,
      2.5
    ],
    [
      75.0,
      2.5
    ],
    [
      75.0,
      2.5
    ],
    [
      78.57142857142857,
      2.380952380952381
    ],
    [
      78.57142857142857,
      2.380952380952381
    ],
    [
      68.29268292682927,
      2.4390243902439024
    ],
    [
      68.29268292682927,
      2.4390243902439024
    ]
  ],
  "TIMEOUT": [
    [
      75.0,
      2.5
    ],
    [
      87.5,
      2.5
    ],
    [
      76.92307692307692,
      2.5641025641025643
    ],
    [
      85.0,
      2.5
    ],
    [
      82.5,
      2.5
    ],
    [
      75.0,
      2.5
    ],
    [
      78.57142857142857,
      2.380952380952381
    ],
    [
      68.29268292682927,
      2.4390243902439024
    ]
  ]
}