{
  "ALL": [
    [
      95.0,
      2.5
    ],
    [
      95.0,
      2.5
    ],
    [
      65.85365853658537,
      2.4390243902439024
    ],
    [
      65.85365853658537,
      2.4390243902439024
    ],
    [
      80.0,
      2.5
    ],
    [
      80.0,
      2.5
    ],
    [
      90.0,
      2.5
    ],
    [
      90.0,
      2.5
    ],
    [
      87.5,
      2.5
    ],
    [
      87.5,
      2.5
    ],
    [
      82.5,
      2.5
    ],
    [
      82.5,
      2.5
    ],
    [
      85.0,
      2.5
    ],
    [
      85.0,
      2.5
    ],
    [
      77.5,
      2.5
    ],
    [
      77.5,
      2.5
    ]
  ],
  "TIMEOUT": [
    [
      95.0,
      2.5
    ],
    [
      65.85365853658537,
      2.4390243902439024
    ],
    [
      80.0,
      2.5
    ],
    [
      90.0,
      2.5
    ],
    [
      87.5,
      2.5
    ],
    [
      82.5,
      2.5
    ],
    [
      85.0,
      2.5
    ],
    [
      77.5,
      2.5
    ]
  ]
}