{
  "ALL": [
    [
      87.5,
      2.5
    ],
    [
      87.5,
      2.5
    ],
    [
      95.1219512195122,
      2.4390243902439024
    ],
    [
      95.1219512195122,
      2.4390243902439024
    ],
    [
      90.0,
      2.5
    ],
    [
      90.0,
      2.5
    ],
    [
      87.5,
      2.5
    ],
    [
      87.5,
      2.5
    ],
    [
      95.0,
      2.5
    ],
    [
      95.0,
      2.5
    ],
    [
      95.0,
      2.5
    ],
    [
      95.0,
      2.5
    ],
    [
      97.5609756097561,
      2.4390243902439024
    ],
    [
      97.5609756097561,
      2.4390243902439024
    ],
    [
      95.0,
      2.5
    ],
    [
      95.0,
      2.5
    ]
  ],
  "TIMEOUT": [
    [
      87.5,
      2.5
    ],
    [
      95.1219512195122,
      2.4390243902439024
    ],
    [
      90.0,
      2.5
    ],
    [
      87.5,
      2.5
    ],
    [
      95.0,
      2.5
    ],
    [
      95.0,
      2.5
    ],
    [
      97.5609756097561,
      2.4390243902439024
    ],
    [
      95.0,
      2.5
    ]
  ]
}