{
  "ALL": [
    [
      95.0,
      2.5
    ],
    [
      95.0,
      2.5
    ],
    [
      80.0,
      2.5
    ],
    [
      80.0,
      2.5
    ],
    [
      95.0,
      2.5
    ],
    [
      95.0,
      2.5
    ],
    [
      97.5609756097561,
      2.4390243902439024
    ],
    [
      97.5609756097561,
      2.4390243902439024
    ],
    [
      95.0,
      2.5
    ],
    [
      95.0,
      2.5
    ],
    [
      95.23809523809524,
      2.380952380952381
    ],
    [
      95.23809523809524,
      2.380952380952381
    ],
    [
      90.0,
      2.5
    ],
    [
      90.0,
      2.5
    ],
    [
      90.2439024390244,
      2.4390243902439024
    ],
    [
      90.2439024390244,
      2.4390243902439024
    ]
  ],
  "TIMEOUT": [
    [
      95.0,
      2.5
    ],
    [
      80.0,
      2.5
    ],
    [
      95.0,
      2.5
    ],
    [
      97.5609756097561,
      2.4390243902439024
    ],
    [
      95.0,
      2.5
    ],
    [
      95.23809523809524,
      2.380952380952381
    ],
    [
      90.0,
      2.5
    ],
    [
      90.2439024390244,
      2.4390243902439024
    ]
  ]
}