{
  "ALL": [
    [
      67.5,
      2.5
    ],
    [
      67.5,
      2.5
    ],
    [
      65.0,
      2.5
    ],
    [
      65.0,
      2.5
    ],
    [
      50.0,
      2.5
    ],
    [
      50.0,
      2.5
    ],
    [
      67.5,
      2.5
    ],
    [
      67.5,
      2.5
    ],
    [
      67.5,
      2.5
    ],
    [
      67.5,
      2.5
    ],
    [
      70.73170731707317,
      2.4390243902439024
    ],
    [
      70.73170731707317,
      2.4390243902439024
    ],
    [
      45.0,
      2.5
    ],
    [
      45.0,
      2.5
    ],
    [
      67.5,
      2.5
    ],
    [
      67.5,
      2.5
    ]
  ],
  "TIMEOUT": [
    [
      67.5,
      2.5
    ],
    [
      65.0,
      2.5
    ],
    [
      50.0,
      2.5
    ],
    [
      67.5,
      2.5
    ],
    [
      67.5,
      2.5
    ],
    [
      70.73170731707317,
      2.4390243902439024
    ],
    [
      45.0,
      2.5
    ],
    [
      67.5,
      2.5
    ]
  ]
}