{
  "all": [
    5.360983,
    3.368719,
    1.304208,
    6.302461,
    1.023931,
    1.224097,
    1.265671,
    3.55279,
    2.549356,
    1.096936,
    1.64655,
    1.065068,
    0.677356,
    0.655088,
    4.498328,
    0.961616,
    3.162701,
    3.184644,
    1.335059,
    0.737369,
    1.980894,
    3.360717,
    0.95539,
    1.47226,
    7.012229,
    0.796164,
    1.028611,
    2.391065,
    2.865724,
    8.418253,
    1.328684,
    1.907142,
    5.763142,
    0.716593,
    1.056341,
    1.167278,
    0.874265,
    1.170078,
    2.221937,
    2.697824,
    2.927905,
    1.234475,
    1.240868,
    0.703208,
    0.573333,
    3.10244,
    0.991849,
    0.818886,
    0.918292,
    1.254571,
    2.955329,
    4.015164,
    3.938029,
    0.605375,
    1.198634,
    4.54574,
    2.135348,
    4.718734,
    1.310107,
    0.844493,
    0.226374,
    3.094976,
    0.789788,
    1.372004,
    5.077939,
    2.510682,
    6.009705,
    2.727282,
    0.236912,
    0.51291,
    0.532896,
    1.188734,
    3.883224,
    1.647024,
    3.843501,
    3.038199,
    1.518316,
    5.172674,
    0.809298,
    4.035865,
    4.954643,
    2.840058,
    0.410208,
    0.785789,
    0.808534,
    4.683616,
    4.406216,
    0.614976,
    0.331462,
    2.508135,
    1.054594,
    1.94071,
    0.634952,
    3.20905,
    0.777733,
    2.422897,
    0.737763,
    0.608888,
    3.750062,
    2.32244,
    5.542869,
    6.146283,
    1.161704,
    1.151434,
    0.894753,
    0.826356,
    1.97288,
    4.969043,
    3.407918,
    3.159452,
    3.905197,
    2.380039,
    3.854542,
    0.400904,
    5.631908,
    2.375362,
    0.765073,
    0.984859,
    0.884444,
    0.506566
  ],
  "51200": [
    5.360983,
    3.368719,
    1.304208,
    6.302461,
    1.023931,
    1.224097,
    1.265671,
    3.55279,
    2.549356,
    1.096936,
    1.64655,
    0.655088,
    4.498328,
    0.961616,
    3.162701,
    3.184644,
    1.335059,
    0.737369,
    1.980894,
    3.360717,
    0.95539,
    1.47226,
    2.391065,
    2.865724,
    8.418253,
    1.328684,
    1.907142,
    5.763142,
    0.716593,
    1.056341,
    1.167278,
    0.874265,
    1.170078,
    2.221937,
    2.697824,
    2.927905,
    1.234475,
    1.240868,
    0.818886,
    0.918292,
    1.254571,
    2.955329,
    4.015164,
    3.938029,
    0.605375,
    1.198634,
    4.54574,
    2.135348,
    0.226374,
    3.094976,
    0.789788,
    1.372004,
    5.077939,
    2.510682,
    6.009705,
    2.727282,
    0.236912,
    0.51291,
    0.532896,
    1.188734,
    1.647024,
    3.843501,
    3.038199,
    1.518316,
    5.172674,
    0.809298,
    4.035865,
    4.954643,
    4.683616,
    4.406216,
    0.614976,
    0.331462,
    2.508135,
    1.054594,
    1.94071,
    0.634952,
    3.20905,
    0.777733,
    2.422897,
    0.737763,
    0.608888,
    3.750062,
    2.32244,
    5.542869,
    6.146283,
    4.969043,
    3.407918,
    3.159452,
    3.905197,
    2.380039,
    3.854542,
    0.400904,
    5.631908,
    2.375362,
    0.765073,
    0.984859,
    0.884444
  ],
  "1048576": [
    1.065068,
    0.677356,
    7.012229,
    0.796164,
    1.028611,
    0.703208,
    0.573333,
    3.10244,
    4.718734,
    1.310107,
    3.883224,
    1.161704,
    1.151434,
    0.894753,
    0.826356,
    0.506566
  ],
  "5242880": [
    0.991849,
    0.844493,
    2.840058,
    0.410208,
    0.785789,
    0.808534,
    1.97288
  ]
}