{
  "all": [
    8.468416,
    9.117035,
    3.36173,
    10.041556,
    1.645459,
    2.779834,
    2.298831,
    8.62424,
    5.486504,
    1.858162,
    2.713039,
    4.491423,
    3.568292,
    1.233729,
    5.754325,
    1.835572,
    9.028761,
    7.975883,
    3.317133,
    1.706834,
    3.073336,
    9.073892,
    1.03102,
    4.682951,
    20.440488,
    4.378448,
    4.098918,
    5.15044,
    8.908197,
    9.455328,
    2.027723,
    3.564757,
    7.079114,
    0.965932,
    2.557542,
    1.946484,
    1.074358,
    2.541389,
    5.314866,
    7.244242,
    8.917237,
    2.002313,
    2.363113,
    4.515119,
    2.565769,
    44.902149,
    14.682959,
    1.984847,
    2.022678,
    2.150048,
    6.967464,
    10.880171,
    10.81178,
    0.779368,
    2.272801,
    4.831373,
    3.61885,
    16.974787,
    5.749188,
    14.928042,
    0.371075,
    9.599954,
    1.621976,
    2.528066,
    10.847723,
    8.032609,
    7.779878,
    8.531441,
    0.35328,
    0.814432,
    0.637771,
    1.840408,
    12.81094,
    3.282328,
    4.330486,
    9.694675,
    1.823219,
    6.140913,
    1.475277,
    9.035628,
    10.812913,
    58.605171,
    7.380844,
    11.973756,
    27.927547,
    7.381395,
    9.331989,
    1.234066,
    0.526502,
    6.955529,
    2.276928,
    4.246902,
    1.31935,
    8.920382,
    1.967168,
    5.459685,
    1.167869,
    1.269364,
    11.112393,
    6.353703,
    6.348616,
    6.473718,
    3.794069,
    4.83822,
    3.367716,
    7.521443,
    21.292922,
    8.10681,
    9.97733,
    8.857558,
    10.975257,
    7.045901,
    11.073852,
    0.538125,
    8.55356,
    7.223897,
    1.50153,
    2.113343,
    1.855086,
    2.543391
  ],
  "51200": [
    8.468416,
    9.117035,
    3.36173,
    10.041556,
    1.645459,
    2.779834,
    2.298831,
    8.62424,
    5.486504,
    1.858162,
    2.713039,
    1.233729,
    5.754325,
    1.835572,
    9.028761,
    7.975883,
    3.317133,
    1.706834,
    3.073336,
    9.073892,
    1.03102,
    4.682951,
    5.15044,
    8.908197,
    9.455328,
    2.027723,
    3.564757,
    7.079114,
    0.965932,
    2.557542,
    1.946484,
    1.074358,
    2.541389,
    5.314866,
    7.244242,
    8.917237,
    2.002313,
    2.363113,
    1.984847,
    2.022678,
    2.150048,
    6.967464,
    10.880171,
    10.81178,
    0.779368,
    2.272801,
    4.831373,
    3.61885,
    0.371075,
    9.599954,
    1.621976,
    2.528066,
    10.847723,
    8.032609,
    7.779878,
    8.531441,
    0.35328,
    0.814432,
    0.637771,
    1.840408,
    3.282328,
    4.330486,
    9.694675,
    1.823219,
    6.140913,
    1.475277,
    9.035628,
    10.812913,
    7.381395,
    9.331989,
    1.234066,
    0.526502,
    6.955529,
    2.276928,
    4.246902,
    1.31935,
    8.920382,
    1.967168,
    5.459685,
    1.167869,
    1.269364,
    11.112393,
    6.353703,
    6.348616,
    6.473718,
    8.10681,
    9.97733,
    8.857558,
    10.975257,
    7.045901,
    11.073852,
    0.538125,
    8.55356,
    7.223897,
    1.50153,
    2.113343,
    1.855086
  ],
  "1048576": [
    4.491423,
    3.568292,
    20.440488,
    4.378448,
    4.098918,
    4.515119,
    2.565769,
    44.902149,
    16.974787,
    5.749188,
    12.81094,
    3.794069,
    4.83822,
    3.367716,
    7.521443,
    2.543391
  ],
  "5242880": [
    14.682959,
    14.928042,
    58.605171,
    7.380844,
    11.973756,
    27.927547,
    21.292922
  ]
}