{
  "ALL": [
    [
      80.0,
      2.5
    ],
    [
      80.0,
      2.5
    ],
    [
      90.0,
      2.5
    ],
    [
      90.0,
      2.5
    ],
    [
      92.5,
      2.5
    ],
    [
      92.5,
      2.5
    ],
    [
      92.6829268292683,
      2.4390243902439024
    ],
    [
      92.6829268292683,
      2.4390243902439024
    ],
    [
      82.5,
      2.5
    ],
    [
      82.5,
      2.5
    ],
    [
      80.0,
      2.5
    ],
    [
      80.0,
      2.5
    ],
    [
      82.5,
      2.5
    ],
    [
      82.5,
      2.5
    ],
    [
      92.5,
      2.5
    ],
    [
      92.5,
      2.5
    ]
  ],
  "TIMEOUT": [
    [
      80.0,
      2.5
    ],
    [
      90.0,
      2.5
    ],
    [
      92.5,
      2.5
    ],
    [
      92.6829268292683,
      2.4390243902439024
    ],
    [
      82.5,
      2.5
    ],
    [
      80.0,
      2.5
    ],
    [
      82.5,
      2.5
    ],
    [
      92.5,
      2.5
    ]
  ]
}