{
  "ALL": [
    [
      77.5,
      2.5
    ],
    [
      77.5,
      2.5
    ],
    [
      68.29268292682927,
      2.4390243902439024
    ],
    [
      68.29268292682927,
      2.4390243902439024
    ],
    [
      90.0,
      2.5
    ],
    [
      90.0,
      2.5
    ],
    [
      70.0,
      2.5
    ],
    [
      70.0,
      2.5
    ],
    [
      80.0,
      2.5
    ],
    [
      80.0,
      2.5
    ],
    [
      61.53846153846154,
      2.5641025641025643
    ],
    [
      61.53846153846154,
      2.5641025641025643
    ],
    [
      65.0,
      2.5
    ],
    [
      65.0,
      2.5
    ],
    [
      75.0,
      2.5
    ],
    [
      75.0,
      2.5
    ]
  ],
  "TIMEOUT": [
    [
      77.5,
      2.5
    ],
    [
      68.29268292682927,
      2.4390243902439024
    ],
    [
      90.0,
      2.5
    ],
    [
      70.0,
      2.5
    ],
    [
      80.0,
      2.5
    ],
    [
      61.53846153846154,
      2.5641025641025643
    ],
    [
      65.0,
      2.5
    ],
    [
      75.0,
      2.5
    ]
  ]
}