{
  "ALL": [
    [
      55.0,
      2.5
    ],
    [
      55.0,
      2.5
    ],
    [
      52.5,
      2.5
    ],
    [
      52.5,
      2.5
    ],
    [
      47.5,
      2.5
    ],
    [
      47.5,
      2.5
    ],
    [
      50.0,
      2.5
    ],
    [
      50.0,
      2.5
    ],
    [
      57.5,
      2.5
    ],
    [
      57.5,
      2.5
    ],
    [
      53.84615384615385,
      2.5641025641025643
    ],
    [
      53.84615384615385,
      2.5641025641025643
    ],
    [
      56.09756097560975,
      2.4390243902439024
    ],
    [
      56.09756097560975,
      2.4390243902439024
    ],
    [
      55.0,
      2.5
    ],
    [
      55.0,
      2.5
    ]
  ],
  "TIMEOUT": [
    [
      55.0,
      2.5
    ],
    [
      52.5,
      2.5
    ],
    [
      47.5,
      2.5
    ],
    [
      50.0,
      2.5
    ],
    [
      57.5,
      2.5
    ],
    [
      53.84615384615385,
      2.5641025641025643
    ],
    [
      56.09756097560975,
      2.4390243902439024
    ],
    [
      55.0,
      2.5
    ]
  ]
}