{
  "all": [
    1.389029,
    0.836227,
    1.273573,
    10.836768,
    1.916883,
    0.560482,
    2.44875,
    3.251928,
    2.475616,
    3.593474,
    9.79993,
    6.783341,
    7.072864,
    10.351649,
    45.755907,
    48.189157,
    9.496092,
    7.849554,
    8.279719,
    0.893949,
    1.199861,
    0.755024,
    0.97875,
    0.950417,
    1.129575,
    2.072584,
    3.025441,
    1.811469,
    0.853823,
    0.751342,
    1.396023,
    0.835072,
    4.756669,
    5.173531,
    7.179422,
    45.044964,
    9.266932,
    0.738422,
    0.85807,
    0.832417,
    1.08312,
    8.646457,
    2.521334,
    0.76648,
    0.734505,
    1.021167,
    1.514019,
    1.626973,
    5.528915,
    1.245801,
    0.639307,
    0.860523,
    1.0327,
    1.001916,
    2.167318,
    2.39008,
    5.109441,
    7.701102,
    9.728459,
    1.46416,
    0.704327,
    9.07835,
    1.366051,
    0.941734,
    0.985579,
    2.369864,
    0.825589,
    1.795055,
    1.836814,
    8.423596,
    1.525786,
    0.486342,
    0.57753,
    1.073272,
    25.253312,
    5.871301,
    9.416248,
    2.33389,
    0.662238,
    0.62307,
    0.566289,
    2.970676,
    0.547965,
    8.405695,
    3.278076,
    1.06322,
    0.831712,
    0.915319,
    0.662858,
    1.956812,
    12.118241,
    7.761338,
    2.679534,
    2.404098,
    5.819119,
    6.400032,
    0.409405,
    2.448655,
    3.200041,
    0.982444,
    0.87226,
    0.539422,
    1.436418,
    1.288648,
    0.748986,
    0.685496,
    1.458278,
    2.774351,
    0.667018,
    8.541955,
    1.401817,
    3.140464,
    9.340852,
    6.287745,
    3.913222,
    1.536127,
    0.560554,
    1.635104,
    2.882842,
    2.393931,
    0.536475,
    1.431187,
    2.297673,
    2.042573,
    0.889329,
    0.675066,
    0.832415,
    6.035271,
    2.299644,
    2.372629,
    7.680019,
    6.027302,
    1.025936,
    1.501867,
    1.727681,
    1.02193,
    1.069045,
    0.751815,
    4.97806,
    2.118529,
    0.866376,
    1.220158,
    0.807272,
    1.614962,
    3.361988,
    2.065249,
    10.654438,
    9.064216,
    10.073891
  ],
  "51200": [
    1.389029,
    0.836227,
    1.273573,
    10.836768,
    1.916883,
    0.560482,
    2.44875,
    8.279719,
    0.893949,
    1.199861,
    0.755024,
    0.97875,
    0.950417,
    1.129575,
    2.072584,
    3.025441,
    1.811469,
    0.853823,
    0.751342,
    1.396023,
    0.835072,
    0.738422,
    0.85807,
    0.832417,
    1.08312,
    8.646457,
    2.521334,
    0.76648,
    0.734505,
    1.021167,
    1.514019,
    1.626973,
    5.528915,
    1.245801,
    0.639307,
    0.860523,
    1.0327,
    1.001916,
    9.728459,
    1.46416,
    0.704327,
    9.07835,
    1.366051,
    0.941734,
    0.985579,
    2.369864,
    0.825589,
    1.795055,
    1.836814,
    8.423596,
    1.525786,
    0.486342,
    0.57753,
    0.662238,
    0.62307,
    0.566289,
    2.970676,
    0.547965,
    8.405695,
    3.278076,
    1.06322,
    0.831712,
    0.915319,
    0.662858,
    6.400032,
    0.409405,
    2.448655,
    3.200041,
    0.982444,
    0.87226,
    0.539422,
    1.436418,
    1.288648,
    0.748986,
    0.685496,
    1.458278,
    2.774351,
    0.667018,
    6.287745,
    3.913222,
    1.536127,
    0.560554,
    1.635104,
    2.882842,
    2.393931,
    0.536475,
    1.431187,
    2.297673,
    2.042573,
    0.889329,
    0.675066,
    0.832415,
    6.027302,
    1.025936,
    1.501867,
    1.727681,
    1.02193,
    1.069045,
    0.751815,
    4.97806,
    2.118529,
    0.866376,
    1.220158,
    0.807272,
    1.614962
  ],
  "1048576": [
    3.251928,
    2.475616,
    3.593474,
    9.79993,
    6.783341,
    7.072864,
    10.351649,
    4.756669,
    5.173531,
    7.179422,
    2.167318,
    2.39008,
    5.109441,
    1.073272,
    25.253312,
    5.871301,
    9.416248,
    2.33389,
    1.956812,
    12.118241,
    7.761338,
    2.679534,
    2.404098,
    8.541955,
    1.401817,
    3.140464,
    6.035271,
    2.299644,
    2.372629,
    3.361988,
    2.065249
  ],
  "5242880": [
    45.755907,
    48.189157,
    9.496092,
    7.849554,
    45.044964,
    9.266932,
    7.701102,
    5.819119,
    9.340852,
    7.680019,
    10.654438,
    9.064216,
    10.073891
  ]
}