{
  "all": [
    0.647602,
    0.629908,
    0.737284,
    4.19477,
    1.670003,
    0.389644,
    1.2441,
    0.670005,
    0.534823,
    1.344828,
    1.556758,
    2.033067,
    0.887991,
    1.137932,
    1.660961,
    0.978725,
    0.490039,
    0.495068,
    4.846311,
    0.555459,
    0.665914,
    0.514513,
    0.550529,
    0.549551,
    0.584749,
    1.524255,
    1.495355,
    1.467811,
    0.608617,
    0.512782,
    0.998015,
    0.520524,
    0.845227,
    0.913093,
    2.184225,
    0.773266,
    0.511301,
    0.493066,
    0.545741,
    0.593712,
    0.679796,
    3.224163,
    0.95358,
    0.538819,
    0.477085,
    0.519441,
    0.670572,
    0.891116,
    0.716476,
    0.774235,
    0.398302,
    0.472831,
    0.773801,
    0.550475,
    0.473149,
    0.49011,
    1.843046,
    0.446998,
    5.257006,
    0.850842,
    0.438095,
    8.709354,
    0.603472,
    0.39879,
    0.514325,
    1.184206,
    0.425078,
    1.337397,
    0.971689,
    4.60715,
    1.368739,
    0.306866,
    0.285656,
    0.240889,
    1.036147,
    1.526744,
    3.094099,
    0.504037,
    0.397664,
    0.378573,
    0.406247,
    1.798545,
    0.320797,
    4.556568,
    2.965629,
    0.540739,
    0.492591,
    0.627878,
    0.519737,
    0.40396,
    0.66475,
    1.459796,
    0.383443,
    0.49036,
    0.352089,
    3.072521,
    0.252519,
    2.347894,
    2.757053,
    0.549653,
    0.650968,
    0.292118,
    0.615638,
    0.460595,
    0.514094,
    0.362119,
    0.643808,
    1.255279,
    0.351029,
    2.883147,
    0.343334,
    0.774934,
    0.526685,
    5.153082,
    1.31619,
    0.54654,
    0.302388,
    1.003124,
    2.13838,
    2.034761,
    0.316758,
    0.691852,
    1.751319,
    0.996794,
    0.649845,
    0.466242,
    0.537939,
    0.705295,
    0.473725,
    0.510448,
    0.46194,
    3.051148,
    0.729373,
    0.780853,
    1.556067,
    0.625284,
    0.522139,
    0.522152,
    4.249274,
    1.75498,
    0.607556,
    0.98542,
    0.537625,
    0.858342,
    0.715919,
    0.433862,
    1.446339,
    0.505979,
    0.524401
  ],
  "51200": [
    0.647602,
    0.629908,
    0.737284,
    4.19477,
    1.670003,
    0.389644,
    1.2441,
    4.846311,
    0.555459,
    0.665914,
    0.514513,
    0.550529,
    0.549551,
    0.584749,
    1.524255,
    1.495355,
    1.467811,
    0.608617,
    0.512782,
    0.998015,
    0.520524,
    0.493066,
    0.545741,
    0.593712,
    0.679796,
    3.224163,
    0.95358,
    0.538819,
    0.477085,
    0.519441,
    0.670572,
    0.891116,
    0.716476,
    0.774235,
    0.398302,
    0.472831,
    0.773801,
    0.550475,
    5.257006,
    0.850842,
    0.438095,
    8.709354,
    0.603472,
    0.39879,
    0.514325,
    1.184206,
    0.425078,
    1.337397,
    0.971689,
    4.60715,
    1.368739,
    0.306866,
    0.285656,
    0.397664,
    0.378573,
    0.406247,
    1.798545,
    0.320797,
    4.556568,
    2.965629,
    0.540739,
    0.492591,
    0.627878,
    0.519737,
    3.072521,
    0.252519,
    2.347894,
    2.757053,
    0.549653,
    0.650968,
    0.292118,
    0.615638,
    0.460595,
    0.514094,
    0.362119,
    0.643808,
    1.255279,
    0.351029,
    5.153082,
    1.31619,
    0.54654,
    0.302388,
    1.003124,
    2.13838,
    2.034761,
    0.316758,
    0.691852,
    1.751319,
    0.996794,
    0.649845,
    0.466242,
    0.537939,
    3.051148,
    0.729373,
    0.780853,
    1.556067,
    0.625284,
    0.522139,
    0.522152,
    4.249274,
    1.75498,
    0.607556,
    0.98542,
    0.537625,
    0.858342
  ],
  "1048576": [
    0.670005,
    0.534823,
    1.344828,
    1.556758,
    2.033067,
    0.887991,
    1.137932,
    0.845227,
    0.913093,
    2.184225,
    0.473149,
    0.49011,
    1.843046,
    0.240889,
    1.036147,
    1.526744,
    3.094099,
    0.504037,
    0.40396,
    0.66475,
    1.459796,
    0.383443,
    0.49036,
    2.883147,
    0.343334,
    0.774934,
    0.705295,
    0.473725,
    0.510448,
    0.715919,
    0.433862
  ],
  "5242880": [
    1.660961,
    0.978725,
    0.490039,
    0.495068,
    0.773266,
    0.511301,
    0.446998,
    0.352089,
    0.526685,
    0.46194,
    1.446339,
    0.505979,
    0.524401
  ]
}