{
  "ALL": [
    [
      62.5,
      2.5
    ],
    [
      62.5,
      2.5
    ],
    [
      62.5,
      2.5
    ],
    [
      62.5,
      2.5
    ],
    [
      60.0,
      2.5
    ],
    [
      60.0,
      2.5
    ],
    [
      50.0,
      2.5
    ],
    [
      50.0,
      2.5
    ],
    [
      60.97560975609756,
      2.4390243902439024
    ],
    [
      60.97560975609756,
      2.4390243902439024
    ],
    [
      48.717948717948715,
      2.5641025641025643
    ],
    [
      48.717948717948715,
      2.5641025641025643
    ],
    [
      52.5,
      2.5
    ],
    [
      52.5,
      2.5
    ],
    [
      62.5,
      2.5
    ],
    [
      62.5,
      2.5
    ]
  ],
  "TIMEOUT": [
    [
      62.5,
      2.5
    ],
    [
      62.5,
      2.5
    ],
    [
      60.0,
      2.5
    ],
    [
      50.0,
      2.5
    ],
    [
      60.97560975609756,
      2.4390243902439024
    ],
    [
      48.717948717948715,
      2.5641025641025643
    ],
    [
      52.5,
      2.5
    ],
    [
      62.5,
      2.5
    ]
  ]
}