{
  "all": [
    2.188199,
    2.565891,
    2.776891,
    2.753126,
    2.829288,
    2.643469,
    3.720334,
    2.611228,
    1.024687,
    1.661046,
    3.673901,
    3.950588,
    2.422965,
    1.041333,
    2.886097,
    4.401793,
    2.414537,
    2.290492,
    2.896958,
    2.903804,
    2.667369,
    3.422545,
    3.214994,
    3.927793,
    4.129644,
    3.489019,
    0.364877,
    0.39387,
    2.287525,
    2.756796,
    2.998873,
    2.552869,
    2.524539,
    2.413741,
    3.163081,
    2.610629,
    2.711706,
    2.530441,
    3.557314,
    3.18583,
    0.556883,
    0.890968,
    4.129467,
    1.125127,
    2.913577,
    2.897544,
    3.26385,
    2.698152,
    3.134705,
    2.514345,
    2.689909,
    2.62773,
    3.518883,
    2.907371,
    0.504402,
    3.563236,
    4.228504,
    3.874353,
    3.607092,
    2.795164,
    1.579559,
    0.481908,
    4.348269,
    0.621986,
    2.816412,
    2.554373,
    1.833411,
    1.290216,
    2.900411,
    2.390512,
    2.94502,
    3.030786,
    4.401231,
    3.540711,
    0.549414,
    1.274137,
    1.179291,
    1.436005,
    2.259807,
    2.394108,
    2.466367,
    2.501009,
    0.297609,
    2.544706,
    2.335255,
    2.383368,
    3.721069,
    2.99823,
    2.496794,
    2.605806,
    3.635325,
    2.721078,
    0.618803,
    0.56764,
    3.763717,
    0.690998,
    0.344597,
    2.313462,
    3.162442,
    2.56116,
    0.388049,
    0.539621,
    3.062115,
    3.189551,
    2.699422,
    0.62231,
    2.876751,
    2.417277,
    2.874795,
    2.657347,
    2.638316,
    3.963147,
    3.988895,
    4.109766,
    0.497524,
    1.522048,
    4.044887,
    0.776789,
    0.651325,
    2.974962,
    0.597185,
    3.126407,
    2.803368,
    3.344643,
    0.620139,
    2.905292,
    2.773984,
    3.144866,
    2.630851,
    3.777137,
    3.41741,
    0.752391,
    3.86996,
    2.425187,
    3.534812,
    2.675262
  ],
  "51200": [
    2.188199,
    2.565891,
    2.776891,
    2.753126,
    2.829288,
    2.643469,
    3.720334,
    2.611228,
    1.024687,
    1.661046,
    3.673901,
    3.950588,
    4.401793,
    2.414537,
    2.290492,
    2.896958,
    2.903804,
    2.667369,
    3.422545,
    3.214994,
    3.927793,
    4.129644,
    3.489019,
    0.364877,
    0.39387,
    2.998873,
    2.552869,
    2.524539,
    2.413741,
    3.163081,
    2.610629,
    2.711706,
    2.530441,
    3.557314,
    3.18583,
    0.556883,
    0.890968,
    4.129467,
    1.125127,
    3.26385,
    2.698152,
    3.134705,
    2.514345,
    2.689909,
    2.62773,
    3.518883,
    2.907371,
    0.504402,
    3.563236,
    4.228504,
    3.874353,
    3.607092,
    2.795164,
    1.579559,
    0.481908,
    4.348269,
    0.621986,
    1.833411,
    1.290216,
    2.900411,
    2.390512,
    2.94502,
    3.030786,
    4.401231,
    3.540711,
    0.549414,
    1.274137,
    1.179291,
    1.436005,
    0.297609,
    2.544706,
    2.335255,
    2.383368,
    3.721069,
    2.99823,
    2.496794,
    2.605806,
    3.635325,
    2.721078,
    0.618803,
    0.56764,
    3.763717,
    0.690998,
    0.344597,
    3.062115,
    3.189551,
    2.699422,
    0.62231,
    2.876751,
    2.417277,
    2.874795,
    2.657347,
    2.638316,
    3.963147,
    3.988895,
    4.109766,
    0.497524,
    1.522048,
    4.044887,
    0.776789,
    0.651325,
    3.126407,
    2.803368,
    3.344643,
    0.620139,
    2.905292,
    2.773984,
    3.144866,
    2.630851,
    3.777137,
    3.41741,
    0.752391,
    3.86996
  ],
  "1048576": [
    2.422965,
    1.041333,
    2.287525,
    2.913577,
    2.897544,
    2.313462,
    3.162442,
    2.56116,
    0.388049,
    2.974962,
    0.597185,
    2.425187,
    3.534812
  ],
  "5242880": [
    2.886097,
    2.756796,
    2.816412,
    2.554373,
    2.259807,
    2.394108,
    2.466367,
    2.501009,
    0.539621,
    2.675262
  ]
}