{
  "all": [
    4.752166,
    7.054861,
    7.285494,
    7.470609,
    7.774101,
    7.011714,
    10.225734,
    7.028456,
    1.641908,
    2.412252,
    7.850128,
    11.019826,
    38.362314,
    4.270708,
    99.168612,
    8.788418,
    7.165286,
    5.530553,
    8.693716,
    6.669007,
    7.65568,
    10.194188,
    9.389396,
    8.953552,
    10.077836,
    7.648653,
    0.666326,
    0.873231,
    44.290821,
    109.74724,
    8.541452,
    7.07267,
    6.300858,
    6.458837,
    7.019911,
    7.529197,
    7.443815,
    6.905374,
    10.553091,
    9.088246,
    1.064732,
    1.477959,
    9.543789,
    2.126942,
    40.372241,
    46.21226,
    6.811915,
    6.493097,
    9.023818,
    7.044653,
    7.635184,
    7.122558,
    9.782163,
    8.342371,
    0.91981,
    11.083861,
    10.163105,
    11.104731,
    8.142484,
    7.333806,
    2.069211,
    0.738786,
    10.721896,
    0.968049,
    33.190493,
    91.522674,
    4.270955,
    1.764558,
    8.022094,
    6.844592,
    7.852707,
    9.061527,
    10.380928,
    8.911272,
    1.174711,
    1.70595,
    1.465829,
    1.723153,
    75.934484,
    79.880954,
    65.954484,
    82.063159,
    0.5346,
    6.26821,
    6.234597,
    7.358854,
    10.960888,
    7.659613,
    7.308518,
    7.77786,
    10.181867,
    8.008869,
    1.029831,
    1.077418,
    10.969473,
    1.290753,
    0.776098,
    10.554007,
    23.289076,
    36.476662,
    1.715787,
    10.232004,
    5.922131,
    7.187639,
    6.980514,
    1.034886,
    7.479168,
    6.5254,
    8.05309,
    7.070929,
    6.999177,
    11.160199,
    10.935167,
    9.199229,
    0.677589,
    2.0371,
    10.913157,
    1.331852,
    1.165112,
    12.383594,
    2.746002,
    8.829009,
    5.867747,
    7.695183,
    1.105264,
    3.547253,
    7.877637,
    6.434465,
    7.107463,
    10.332829,
    9.968495,
    1.619194,
    10.945026,
    43.144211,
    51.645977,
    93.649359
  ],
  "51200": [
    4.752166,
    7.054861,
    7.285494,
    7.470609,
    7.774101,
    7.011714,
    10.225734,
    7.028456,
    1.641908,
    2.412252,
    7.850128,
    11.019826,
    8.788418,
    7.165286,
    5.530553,
    8.693716,
    6.669007,
    7.65568,
    10.194188,
    9.389396,
    8.953552,
    10.077836,
    7.648653,
    0.666326,
    0.873231,
    8.541452,
    7.07267,
    6.300858,
    6.458837,
    7.019911,
    7.529197,
    7.443815,
    6.905374,
    10.553091,
    9.088246,
    1.064732,
    1.477959,
    9.543789,
    2.126942,
    6.811915,
    6.493097,
    9.023818,
    7.044653,
    7.635184,
    7.122558,
    9.782163,
    8.342371,
    0.91981,
    11.083861,
    10.163105,
    11.104731,
    8.142484,
    7.333806,
    2.069211,
    0.738786,
    10.721896,
    0.968049,
    4.270955,
    1.764558,
    8.022094,
    6.844592,
    7.852707,
    9.061527,
    10.380928,
    8.911272,
    1.174711,
    1.70595,
    1.465829,
    1.723153,
    0.5346,
    6.26821,
    6.234597,
    7.358854,
    10.960888,
    7.659613,
    7.308518,
    7.77786,
    10.181867,
    8.008869,
    1.029831,
    1.077418,
    10.969473,
    1.290753,
    0.776098,
    5.922131,
    7.187639,
    6.980514,
    1.034886,
    7.479168,
    6.5254,
    8.05309,
    7.070929,
    6.999177,
    11.160199,
    10.935167,
    9.199229,
    0.677589,
    2.0371,
    10.913157,
    1.331852,
    1.165112,
    8.829009,
    5.867747,
    7.695183,
    1.105264,
    3.547253,
    7.877637,
    6.434465,
    7.107463,
    10.332829,
    9.968495,
    1.619194,
    10.945026
  ],
  "1048576": [
    38.362314,
    4.270708,
    44.290821,
    40.372241,
    46.21226,
    10.554007,
    23.289076,
    36.476662,
    1.715787,
    12.383594,
    2.746002,
    43.144211,
    51.645977
  ],
  "5242880": [
    99.168612,
    109.74724,
    33.190493,
    91.522674,
    75.934484,
    79.880954,
    65.954484,
    82.063159,
    10.232004,
    93.649359
  ]
}