{
  "ALL": [
    [
      82.5,
      2.5
    ],
    [
      82.5,
      2.5
    ],
    [
      87.5,
      2.5
    ],
    [
      87.5,
      2.5
    ],
    [
      80.0,
      2.5
    ],
    [
      80.0,
      2.5
    ],
    [
      82.05128205128206,
      2.5641025641025643
    ],
    [
      82.05128205128206,
      2.5641025641025643
    ],
    [
      80.0,
      2.5
    ],
    [
      80.0,
      2.5
    ],
    [
      78.04878048780488,
      2.4390243902439024
    ],
    [
      78.04878048780488,
      2.4390243902439024
    ],
    [
      80.0,
      2.5
    ],
    [
      80.0,
      2.5
    ],
    [
      80.0,
      2.5
    ],
    [
      80.0,
      2.5
    ]
  ],
  "TIMEOUT": [
    [
      82.5,
      2.5
    ],
    [
      87.5,
      2.5
    ],
    [
      80.0,
      2.5
    ],
    [
      82.05128205128206,
      2.5641025641025643
    ],
    [
      80.0,
      2.5
    ],
    [
      78.04878048780488,
      2.4390243902439024
    ],
    [
      80.0,
      2.5
    ],
    [
      80.0,
      2.5
    ]
  ]
}