{
  "ALL": [
    [
      80.48780487804878,
      2.4390243902439024
    ],
    [
      80.48780487804878,
      2.4390243902439024
    ],
    [
      87.5,
      2.5
    ],
    [
      87.5,
      2.5
    ],
    [
      72.5,
      2.5
    ],
    [
      72.5,
      2.5
    ],
    [
      74.35897435897436,
      2.5641025641025643
    ],
    [
      74.35897435897436,
      2.5641025641025643
    ],
    [
      67.5,
      2.5
    ],
    [
      67.5,
      2.5
    ],
    [
      68.29268292682927,
      2.4390243902439024
    ],
    [
      68.29268292682927,
      2.4390243902439024
    ],
    [
      59.523809523809526,
      2.380952380952381
    ],
    [
      59.523809523809526,
      2.380952380952381
    ],
    [
      80.0,
      2.5
    ],
    [
      80.0,
      2.5
    ]
  ],
  "TIMEOUT": [
    [
      80.48780487804878,
      2.4390243902439024
    ],
    [
      87.5,
      2.5
    ],
    [
      72.5,
      2.5
    ],
    [
      74.35897435897436,
      2.5641025641025643
    ],
    [
      67.5,
      2.5
    ],
    [
      68.29268292682927,
      2.4390243902439024
    ],
    [
      59.523809523809526,
      2.380952380952381
    ],
    [
      80.0,
      2.5
    ]
  ]
}