{
  "ALL": [
    [
      72.5,
      2.5
    ],
    [
      72.5,
      2.5
    ],
    [
      78.04878048780488,
      2.4390243902439024
    ],
    [
      78.04878048780488,
      2.4390243902439024
    ],
    [
      68.29268292682927,
      2.4390243902439024
    ],
    [
      68.29268292682927,
      2.4390243902439024
    ],
    [
      65.0,
      2.5
    ],
    [
      65.0,
      2.5
    ],
    [
      70.73170731707317,
      2.4390243902439024
    ],
    [
      70.73170731707317,
      2.4390243902439024
    ],
    [
      72.5,
      2.5
    ],
    [
      72.5,
      2.5
    ],
    [
      67.5,
      2.5
    ],
    [
      67.5,
      2.5
    ],
    [
      67.5,
      2.5
    ],
    [
      67.5,
      2.5
    ]
  ],
  "TIMEOUT": [
    [
      72.5,
      2.5
    ],
    [
      78.04878048780488,
      2.4390243902439024
    ],
    [
      68.29268292682927,
      2.4390243902439024
    ],
    [
      65.0,
      2.5
    ],
    [
      70.73170731707317,
      2.4390243902439024
    ],
    [
      72.5,
      2.5
    ],
    [
      67.5,
      2.5
    ],
    [
      67.5,
      2.5
    ]
  ]
}