{
  "all": [
    0.37864,
    0.505045,
    4.454302,
    0.75016,
    0.641562,
    0.698588,
    0.641851,
    0.473404,
    0.605451,
    3.231377,
    1.584177,
    0.64464,
    0.727355,
    0.985573,
    4.611947,
    1.91629,
    1.533509,
    1.248612,
    2.792765,
    1.150191,
    0.846211,
    1.508042,
    0.552623,
    1.570143,
    0.859116,
    0.938026,
    0.541779,
    0.726058,
    0.564565,
    1.02683,
    7.239496,
    1.315783,
    27.382504,
    7.472643,
    0.982859,
    8.013054,
    0.849864,
    1.50371,
    1.099752,
    1.024768,
    1.572868,
    5.028015,
    0.858382,
    1.224063,
    0.679211,
    1.568963,
    1.015818,
    1.95214,
    0.779239,
    3.578018,
    0.972594,
    1.790293,
    0.865383,
    1.176822,
    0.614554,
    1.074191,
    2.565668,
    0.335348,
    1.192449,
    0.666831,
    3.907171,
    0.55018,
    0.781596,
    0.367771,
    0.541097,
    0.654832,
    0.51975,
    0.833914,
    0.780589,
    0.37903,
    2.005909,
    7.001804,
    2.128537,
    1.070355,
    0.887752,
    0.717625,
    0.51262,
    1.410116,
    0.522034,
    0.84606,
    1.564285,
    0.46499,
    0.962931,
    1.86561,
    0.710674,
    1.069235,
    1.044707,
    5.488989,
    1.69877,
    1.188366,
    0.624358,
    0.61316,
    0.738627,
    7.837168,
    0.417377,
    1.01724
  ],
  "51200": [
    0.37864,
    0.505045,
    4.454302,
    0.75016,
    0.641562,
    0.698588,
    0.641851,
    0.473404,
    0.64464,
    0.727355,
    0.985573,
    0.846211,
    1.508042,
    0.552623,
    1.570143,
    0.859116,
    0.938026,
    0.541779,
    0.726058,
    0.564565,
    7.472643,
    0.982859,
    8.013054,
    0.849864,
    1.50371,
    1.099752,
    1.024768,
    1.95214,
    0.779239,
    3.578018,
    0.972594,
    1.790293,
    0.865383,
    1.176822,
    0.614554,
    1.074191,
    0.666831,
    3.907171,
    0.55018,
    0.781596,
    0.367771,
    0.541097,
    0.654832,
    0.51975,
    0.833914,
    2.005909,
    7.001804,
    2.128537,
    1.070355,
    0.887752,
    0.717625,
    1.86561,
    0.710674,
    1.069235,
    1.044707,
    5.488989,
    1.69877,
    1.188366,
    0.624358,
    0.61316,
    0.738627
  ],
  "1048576": [
    0.605451,
    4.611947,
    1.91629,
    1.02683,
    7.239496,
    1.572868,
    5.028015,
    0.858382,
    1.224063,
    0.679211,
    1.568963,
    2.565668,
    0.335348,
    0.780589,
    0.37903,
    0.51262,
    1.410116,
    0.522034,
    0.84606,
    1.564285,
    7.837168,
    0.417377,
    1.01724
  ],
  "5242880": [
    3.231377,
    1.584177,
    1.533509,
    1.248612,
    2.792765,
    1.150191,
    1.315783,
    27.382504,
    1.015818,
    1.192449,
    0.46499,
    0.962931
  ]
}