{
  "all": [
    0.65795,
    1.307129,
    5.831166,
    1.912605,
    1.068108,
    1.176177,
    1.444812,
    1.191955,
    2.125523,
    16.281583,
    60.884713,
    0.785228,
    2.007979,
    1.820747,
    14.607681,
    7.925343,
    56.803814,
    37.359578,
    44.135176,
    19.588389,
    1.431529,
    2.10798,
    1.470926,
    2.088472,
    1.6426,
    2.402952,
    1.192642,
    1.498325,
    0.793762,
    5.712892,
    17.657737,
    47.476554,
    90.904861,
    7.823001,
    1.549721,
    8.543853,
    1.081713,
    1.772051,
    1.959275,
    2.208728,
    6.641544,
    8.215112,
    3.884879,
    4.710325,
    3.83054,
    5.373449,
    22.134356,
    2.574545,
    1.501962,
    5.626484,
    1.705995,
    2.148319,
    1.159621,
    2.377544,
    1.195671,
    3.271365,
    6.181192,
    1.71344,
    22.976836,
    11.127075,
    4.923765,
    1.354564,
    1.578354,
    0.657729,
    1.472471,
    1.303904,
    1.101756,
    2.138111,
    8.772024,
    2.246153,
    2.271942,
    8.199038,
    2.414547,
    3.132228,
    1.741454,
    1.533778,
    2.179385,
    7.901436,
    2.324915,
    4.02334,
    3.907161,
    11.513221,
    10.315634,
    2.675948,
    1.794244,
    2.913697,
    1.399401,
    6.689853,
    2.524871,
    4.390077,
    1.208319,
    1.252407,
    1.6658,
    27.475837,
    2.075152,
    9.40006
  ],
  "51200": [
    0.65795,
    1.307129,
    5.831166,
    1.912605,
    1.068108,
    1.176177,
    1.444812,
    1.191955,
    0.785228,
    2.007979,
    1.820747,
    1.431529,
    2.10798,
    1.470926,
    2.088472,
    1.6426,
    2.402952,
    1.192642,
    1.498325,
    0.793762,
    7.823001,
    1.549721,
    8.543853,
    1.081713,
    1.772051,
    1.959275,
    2.208728,
    2.574545,
    1.501962,
    5.626484,
    1.705995,
    2.148319,
    1.159621,
    2.377544,
    1.195671,
    3.271365,
    11.127075,
    4.923765,
    1.354564,
    1.578354,
    0.657729,
    1.472471,
    1.303904,
    1.101756,
    2.138111,
    2.271942,
    8.199038,
    2.414547,
    3.132228,
    1.741454,
    1.533778,
    2.675948,
    1.794244,
    2.913697,
    1.399401,
    6.689853,
    2.524871,
    4.390077,
    1.208319,
    1.252407,
    1.6658
  ],
  "1048576": [
    2.125523,
    14.607681,
    7.925343,
    5.712892,
    17.657737,
    6.641544,
    8.215112,
    3.884879,
    4.710325,
    3.83054,
    5.373449,
    6.181192,
    1.71344,
    8.772024,
    2.246153,
    2.179385,
    7.901436,
    2.324915,
    4.02334,
    3.907161,
    27.475837,
    2.075152,
    9.40006
  ],
  "5242880": [
    16.281583,
    60.884713,
    56.803814,
    37.359578,
    44.135176,
    19.588389,
    47.476554,
    90.904861,
    22.134356,
    22.976836,
    11.513221,
    10.315634
  ]
}