{
  "ALL": [
    [
      80.0,
      2.5
    ],
    [
      80.0,
      2.5
    ],
    [
      70.0,
      2.5
    ],
    [
      70.0,
      2.5
    ],
    [
      56.09756097560975,
      2.4390243902439024
    ],
    [
      56.09756097560975,
      2.4390243902439024
    ],
    [
      72.5,
      2.5
    ],
    [
      72.5,
      2.5
    ],
    [
      67.5,
      2.5
    ],
    [
      67.5,
      2.5
    ],
    [
      55.0,
      2.5
    ],
    [
      55.0,
      2.5
    ],
    [
      57.5,
      2.5
    ],
    [
      57.5,
      2.5
    ],
    [
      57.5,
      2.5
    ],
    [
      57.5,
      2.5
    ]
  ],
  "TIMEOUT": [
    [
      80.0,
      2.5
    ],
    [
      70.0,
      2.5
    ],
    [
      56.09756097560975,
      2.4390243902439024
    ],
    [
      72.5,
      2.5
    ],
    [
      67.5,
      2.5
    ],
    [
      55.0,
      2.5
    ],
    [
      57.5,
      2.5
    ],
    [
      57.5,
      2.5
    ]
  ]
}