{
  "all": [
    0.578912,
    0.284561,
    0.792792,
    0.307675,
    0.615922,
    0.658624,
    0.473995,
    0.296678,
    0.579195,
    1.515403,
    0.601083,
    1.228804,
    1.250488,
    0.966805,
    1.639273,
    0.976853,
    0.536797,
    0.488287,
    0.697676,
    0.993958,
    0.469017,
    1.402331,
    0.96882,
    0.693267,
    1.568942,
    2.594113,
    0.850152,
    0.883994,
    1.179961,
    0.415161,
    0.81579,
    1.245255,
    0.518458,
    0.910559,
    1.703006,
    1.033611,
    0.604013,
    1.410225,
    3.949198,
    0.50964,
    2.736287,
    1.565302,
    0.253731,
    3.341654,
    0.508437,
    0.370593,
    0.354041,
    1.170291,
    0.84787,
    0.464837,
    0.33055,
    0.679872,
    4.124118,
    1.016829,
    0.727405,
    0.477089,
    0.539896,
    0.927116,
    0.335367,
    1.244738,
    0.467336,
    0.639469,
    0.541057,
    3.943981,
    0.720389,
    0.809119,
    0.707432,
    8.98168,
    0.32387,
    1.381251,
    1.036593,
    1.107525,
    2.65231,
    0.544625,
    0.643076,
    1.39254,
    1.029022,
    0.36292,
    9.559349,
    0.8669,
    1.113565,
    0.667508,
    0.75895,
    0.597511,
    1.054097,
    0.394504,
    0.604716,
    1.755584,
    1.292375,
    0.459548,
    0.313152,
    0.290967,
    0.540876,
    0.681738,
    0.402971,
    0.801885,
    0.76178,
    1.733166,
    0.841322,
    4.784457,
    1.388774,
    0.559896,
    1.545659,
    0.535342,
    0.964684,
    1.18225,
    1.195721,
    2.190397,
    1.302209,
    1.031195,
    1.511106,
    0.750061,
    3.812636,
    0.480141
  ],
  "51200": [
    0.578912,
    0.284561,
    0.792792,
    0.307675,
    0.615922,
    0.658624,
    0.473995,
    0.579195,
    1.515403,
    0.601083,
    1.228804,
    1.250488,
    0.966805,
    1.639273,
    0.976853,
    0.469017,
    1.402331,
    0.96882,
    0.693267,
    1.568942,
    2.594113,
    0.850152,
    0.883994,
    1.179961,
    0.415161,
    0.81579,
    1.245255,
    0.518458,
    0.910559,
    1.703006,
    3.949198,
    0.50964,
    2.736287,
    1.565302,
    0.253731,
    3.341654,
    0.508437,
    0.464837,
    0.33055,
    0.679872,
    4.124118,
    1.016829,
    0.727405,
    0.477089,
    0.539896,
    0.541057,
    3.943981,
    0.720389,
    0.809119,
    0.707432,
    8.98168,
    0.32387,
    1.381251,
    1.036593,
    1.107525,
    2.65231,
    0.544625,
    1.113565,
    0.667508,
    0.75895,
    0.597511,
    1.054097,
    0.394504,
    0.604716,
    1.755584,
    1.292375,
    0.459548,
    0.313152,
    0.290967,
    0.540876,
    1.733166,
    0.841322,
    4.784457,
    1.388774,
    0.559896,
    1.545659,
    0.535342,
    0.964684,
    1.18225,
    1.195721
  ],
  "1048576": [
    0.296678,
    0.536797,
    0.488287,
    0.370593,
    0.354041,
    0.927116,
    0.335367,
    1.244738,
    0.467336,
    0.639469,
    0.643076,
    1.39254,
    1.029022,
    0.36292,
    0.681738,
    0.402971,
    0.801885,
    2.190397,
    1.302209,
    1.031195,
    1.511106,
    0.750061
  ],
  "5242880": [
    0.697676,
    0.993958,
    1.033611,
    0.604013,
    1.410225,
    1.170291,
    0.84787,
    9.559349,
    0.8669,
    0.76178,
    3.812636,
    0.480141
  ]
}