{
  "all": [
    1.059467,
    0.51913,
    1.881113,
    0.536652,
    0.863551,
    1.345947,
    0.57854,
    1.310229,
    0.995086,
    1.686564,
    1.000117,
    2.170747,
    1.782254,
    2.019892,
    1.964126,
    1.317432,
    2.397322,
    4.295659,
    30.567389,
    17.861192,
    0.657146,
    1.571519,
    2.022443,
    1.017034,
    2.166901,
    5.043497,
    1.920363,
    1.935978,
    1.714335,
    0.606384,
    1.891215,
    2.151314,
    0.930478,
    1.981591,
    2.656026,
    26.706274,
    9.056551,
    10.421863,
    5.277515,
    1.05084,
    3.764312,
    2.221069,
    0.452336,
    3.852124,
    0.915242,
    11.601547,
    1.490296,
    5.993271,
    17.795935,
    0.933488,
    0.516825,
    1.040822,
    4.706629,
    1.338637,
    1.781417,
    0.67057,
    1.205956,
    6.134493,
    1.457226,
    2.85481,
    1.98802,
    6.915307,
    0.937945,
    4.994584,
    1.39608,
    1.88575,
    1.099927,
    9.172145,
    0.516324,
    1.617013,
    1.840888,
    2.203823,
    2.716594,
    0.981712,
    2.63365,
    4.119577,
    6.705855,
    1.914909,
    97.416358,
    30.202897,
    1.431833,
    1.359868,
    1.835162,
    1.055449,
    1.679181,
    1.229991,
    1.193432,
    2.837228,
    1.709904,
    0.621476,
    0.54535,
    0.52732,
    0.963206,
    29.460599,
    1.735903,
    11.966329,
    7.111228,
    2.322352,
    1.420066,
    5.116348,
    1.6534,
    0.78418,
    1.985057,
    0.943558,
    2.253298,
    1.669655,
    3.25929,
    19.516213,
    3.990345,
    5.394011,
    4.018537,
    4.046502,
    28.345308,
    8.488001
  ],
  "51200": [
    1.059467,
    0.51913,
    1.881113,
    0.536652,
    0.863551,
    1.345947,
    0.57854,
    0.995086,
    1.686564,
    1.000117,
    2.170747,
    1.782254,
    2.019892,
    1.964126,
    1.317432,
    0.657146,
    1.571519,
    2.022443,
    1.017034,
    2.166901,
    5.043497,
    1.920363,
    1.935978,
    1.714335,
    0.606384,
    1.891215,
    2.151314,
    0.930478,
    1.981591,
    2.656026,
    5.277515,
    1.05084,
    3.764312,
    2.221069,
    0.452336,
    3.852124,
    0.915242,
    0.933488,
    0.516825,
    1.040822,
    4.706629,
    1.338637,
    1.781417,
    0.67057,
    1.205956,
    0.937945,
    4.994584,
    1.39608,
    1.88575,
    1.099927,
    9.172145,
    0.516324,
    1.617013,
    1.840888,
    2.203823,
    2.716594,
    0.981712,
    1.431833,
    1.359868,
    1.835162,
    1.055449,
    1.679181,
    1.229991,
    1.193432,
    2.837228,
    1.709904,
    0.621476,
    0.54535,
    0.52732,
    0.963206,
    2.322352,
    1.420066,
    5.116348,
    1.6534,
    0.78418,
    1.985057,
    0.943558,
    2.253298,
    1.669655,
    3.25929
  ],
  "1048576": [
    1.310229,
    2.397322,
    4.295659,
    11.601547,
    1.490296,
    6.134493,
    1.457226,
    2.85481,
    1.98802,
    6.915307,
    2.63365,
    4.119577,
    6.705855,
    1.914909,
    29.460599,
    1.735903,
    11.966329,
    19.516213,
    3.990345,
    5.394011,
    4.018537,
    4.046502
  ],
  "5242880": [
    30.567389,
    17.861192,
    26.706274,
    9.056551,
    10.421863,
    5.993271,
    17.795935,
    97.416358,
    30.202897,
    7.111228,
    28.345308,
    8.488001
  ]
}