{
  "ALL": [
    [
      5.0,
      2.5
    ],
    [
      5.0,
      2.5
    ],
    [
      5.0,
      2.5
    ],
    [
      5.0,
      2.5
    ],
    [
      4.878048780487805,
      2.4390243902439024
    ],
    [
      4.878048780487805,
      2.4390243902439024
    ],
    [
      7.5,
      2.5
    ],
    [
      7.5,
      2.5
    ],
    [
      5.0,
      2.5
    ],
    [
      5.0,
      2.5
    ],
    [
      5.0,
      2.5
    ],
    [
      5.0,
      2.5
    ],
    [
      7.5,
      2.5
    ],
    [
      7.5,
      2.5
    ],
    [
      10.0,
      2.5
    ],
    [
      10.0,
      2.5
    ]
  ],
  "TIMEOUT": [
    [
      5.0,
      2.5
    ],
    [
      5.0,
      2.5
    ],
    [
      4.878048780487805,
      2.4390243902439024
    ],
    [
      7.5,
      2.5
    ],
    [
      5.0,
      2.5
    ],
    [
      5.0,
      2.5
    ],
    [
      7.5,
      2.5
    ],
    [
      10.0,
      2.5
    ]
  ]
}