{
  "ALL": [
    [
      75.0,
      2.5
    ],
    [
      75.0,
      2.5
    ],
    [
      75.0,
      2.5
    ],
    [
      75.0,
      2.5
    ],
    [
      87.5,
      2.5
    ],
    [
      87.5,
      2.5
    ],
    [
      75.0,
      2.5
    ],
    [
      75.0,
      2.5
    ],
    [
      87.17948717948718,
      2.5641025641025643
    ],
    [
      87.17948717948718,
      2.5641025641025643
    ],
    [
      74.35897435897436,
      2.5641025641025643
    ],
    [
      74.35897435897436,
      2.5641025641025643
    ],
    [
      70.0,
      2.5
    ],
    [
      70.0,
      2.5
    ],
    [
      77.5,
      2.5
    ],
    [
      77.5,
      2.5
    ]
  ],
  "TIMEOUT": [
    [
      75.0,
      2.5
    ],
    [
      75.0,
      2.5
    ],
    [
      87.5,
      2.5
    ],
    [
      75.0,
      2.5
    ],
    [
      87.17948717948718,
      2.5641025641025643
    ],
    [
      74.35897435897436,
      2.5641025641025643
    ],
    [
      70.0,
      2.5
    ],
    [
      77.5,
      2.5
    ]
  ]
}