{
  "ALL": [
    [
      70.0,
      2.5
    ],
    [
      70.0,
      2.5
    ],
    [
      75.0,
      2.5
    ],
    [
      75.0,
      2.5
    ],
    [
      67.5,
      2.5
    ],
    [
      67.5,
      2.5
    ],
    [
      75.0,
      2.5
    ],
    [
      75.0,
      2.5
    ],
    [
      82.5,
      2.5
    ],
    [
      82.5,
      2.5
    ],
    [
      62.5,
      2.5
    ],
    [
      62.5,
      2.5
    ],
    [
      70.73170731707317,
      2.4390243902439024
    ],
    [
      70.73170731707317,
      2.4390243902439024
    ],
    [
      67.5,
      2.5
    ],
    [
      67.5,
      2.5
    ]
  ],
  "TIMEOUT": [
    [
      70.0,
      2.5
    ],
    [
      75.0,
      2.5
    ],
    [
      67.5,
      2.5
    ],
    [
      75.0,
      2.5
    ],
    [
      82.5,
      2.5
    ],
    [
      62.5,
      2.5
    ],
    [
      70.73170731707317,
      2.4390243902439024
    ],
    [
      67.5,
      2.5
    ]
  ]
}