{
  "all": [
    9.859808,
    4.177047,
    10.370946,
    1.048787,
    1.890602,
    9.973862,
    10.731494,
    2.950324,
    2.365745,
    1.388506,
    6.654787,
    26.156389,
    2.13652,
    10.894595,
    8.204282,
    1.356878,
    2.162496,
    2.558299,
    6.99718,
    108.23644,
    33.520508,
    13.915856,
    9.923957,
    1.689615,
    1.55631,
    1.410178,
    7.265299,
    10.679705,
    5.854906,
    1.473328,
    0.756996,
    21.935037,
    11.758983,
    100.572503,
    91.574237,
    8.557305,
    4.697873,
    10.313865,
    3.734174,
    2.227617,
    2.053231,
    1.505748,
    3.186722,
    4.64373,
    4.246196,
    8.925923,
    2.506462,
    2.564235,
    10.178908,
    1.210697,
    11.45293,
    5.337056,
    2.383806,
    5.175575,
    10.164247,
    2.013965,
    1.70051,
    1.538651,
    1.345948,
    2.168561,
    2.307224,
    2.122005,
    1.524733,
    2.233104,
    1.728205,
    3.495931,
    68.711569,
    1.337679,
    2.083793,
    1.494096,
    2.726312,
    1.067679,
    1.233445,
    2.922727,
    3.406928,
    6.39897,
    9.603375,
    113.210703,
    45.838931,
    10.125851,
    1.378113,
    1.713829,
    2.363369,
    9.515599,
    1.599225,
    2.237898,
    3.187862,
    9.722129,
    7.731155,
    0.975636,
    6.109967,
    36.47867
  ],
  "51200": [
    9.859808,
    4.177047,
    10.370946,
    1.048787,
    1.890602,
    9.973862,
    10.731494,
    2.950324,
    2.365745,
    1.388506,
    6.654787,
    2.13652,
    10.894595,
    8.204282,
    1.356878,
    2.162496,
    2.558299,
    9.923957,
    1.689615,
    1.55631,
    1.410178,
    7.265299,
    10.679705,
    5.854906,
    1.473328,
    0.756996,
    8.557305,
    4.697873,
    10.313865,
    3.734174,
    2.227617,
    2.053231,
    1.505748,
    8.925923,
    2.506462,
    2.564235,
    10.178908,
    1.210697,
    2.383806,
    5.175575,
    10.164247,
    2.013965,
    1.70051,
    1.538651,
    1.345948,
    2.168561,
    2.307224,
    2.122005,
    1.524733,
    2.233104,
    1.728205,
    1.337679,
    2.083793,
    1.494096,
    2.726312,
    1.067679,
    1.233445,
    2.922727,
    10.125851,
    1.378113,
    1.713829,
    2.363369,
    9.515599,
    1.599225,
    2.237898,
    3.187862,
    9.722129,
    7.731155,
    0.975636,
    6.109967
  ],
  "1048576": [
    26.156389,
    6.99718,
    21.935037,
    11.758983,
    3.186722,
    4.64373,
    4.246196,
    11.45293,
    5.337056,
    3.495931,
    3.406928,
    6.39897,
    36.47867
  ],
  "5242880": [
    108.23644,
    33.520508,
    13.915856,
    100.572503,
    91.574237,
    68.711569,
    9.603375,
    113.210703,
    45.838931
  ]
}