{
  "all": [
    2.598514,
    2.368469,
    2.42569,
    3.002733,
    3.34661,
    0.474146,
    0.793164,
    1.397658,
    1.672355,
    0.98245,
    2.756654,
    2.321438,
    1.470034,
    2.754315,
    1.241424,
    2.396402,
    2.292544,
    2.250095,
    4.170545,
    3.166544,
    3.352757,
    1.22981,
    0.458576,
    1.765572,
    1.73002,
    2.589293,
    3.840921,
    2.930788,
    1.588019,
    3.25274,
    2.458801,
    5.102829,
    5.087802,
    3.182075,
    3.248029,
    3.837886,
    0.860707,
    0.995175,
    1.483743,
    2.467826,
    0.782631,
    3.416509,
    2.124203,
    2.393328,
    2.124971,
    2.268146,
    2.899497,
    1.075089,
    0.47855,
    1.314352,
    2.911275,
    3.890712,
    2.130696,
    0.56893,
    2.804827,
    1.171279,
    2.484955,
    4.557576,
    5.093149,
    2.306183,
    3.49331,
    2.293743,
    3.029187,
    0.589969,
    1.007936,
    1.63271,
    2.090151,
    6.871546,
    2.560085,
    2.722575,
    0.66776,
    1.88698,
    2.94772,
    2.253705,
    2.888355,
    3.13716,
    4.85496,
    1.098506,
    3.309872,
    0.685111,
    3.626697,
    1.693182,
    3.007357,
    1.148858,
    0.397868,
    0.768796,
    0.317844,
    3.074993,
    2.367766,
    2.406676,
    2.913691,
    3.168068,
    3.073591,
    3.364196,
    5.694481,
    2.399489,
    2.735234,
    1.223959,
    3.622361,
    3.813315,
    0.68246,
    3.965012,
    3.432419,
    0.789875,
    2.257581,
    0.608659,
    0.743193,
    2.565965,
    1.033901,
    1.188083,
    1.744883
  ],
  "51200": [
    2.598514,
    2.368469,
    2.42569,
    3.002733,
    3.34661,
    0.474146,
    0.793164,
    2.754315,
    1.241424,
    2.396402,
    2.292544,
    2.250095,
    4.170545,
    3.166544,
    3.352757,
    1.22981,
    0.458576,
    1.765572,
    1.73002,
    2.930788,
    1.588019,
    3.25274,
    2.458801,
    5.102829,
    5.087802,
    3.182075,
    3.248029,
    3.837886,
    0.860707,
    0.995175,
    1.483743,
    2.467826,
    3.416509,
    2.124203,
    2.393328,
    2.124971,
    2.268146,
    2.899497,
    1.075089,
    0.47855,
    1.314352,
    2.804827,
    1.171279,
    2.484955,
    4.557576,
    5.093149,
    2.306183,
    3.49331,
    2.293743,
    3.029187,
    0.589969,
    1.007936,
    1.63271,
    2.090151,
    6.871546,
    1.88698,
    2.94772,
    2.253705,
    2.888355,
    3.13716,
    4.85496,
    1.098506,
    3.309872,
    0.685111,
    3.626697,
    1.693182,
    3.007357,
    0.768796,
    0.317844,
    3.074993,
    2.367766,
    2.406676,
    2.913691,
    3.168068,
    3.073591,
    3.364196,
    5.694481,
    2.399489,
    3.622361,
    3.813315,
    0.68246,
    3.965012,
    3.432419,
    0.789875,
    2.257581,
    0.608659,
    0.743193,
    2.565965
  ],
  "1048576": [
    1.397658,
    1.672355,
    0.98245,
    2.756654,
    2.589293,
    3.840921,
    2.911275,
    3.890712,
    2.560085,
    2.722575,
    2.735234,
    1.223959,
    1.033901,
    1.188083,
    1.744883
  ],
  "5242880": [
    2.321438,
    1.470034,
    0.782631,
    2.130696,
    0.56893,
    0.66776,
    1.148858,
    0.397868
  ]
}