{
  "all": [
    5.781594,
    6.905921,
    6.679608,
    8.496408,
    8.837924,
    0.861867,
    1.748579,
    5.047149,
    5.329862,
    10.038488,
    37.87122,
    88.851552,
    20.624053,
    6.584111,
    2.53926,
    6.533094,
    6.53942,
    6.791642,
    9.006465,
    8.515763,
    10.472437,
    2.910811,
    0.871623,
    2.001735,
    2.24609,
    40.490264,
    30.277164,
    6.724982,
    2.616252,
    6.941252,
    6.733688,
    9.555794,
    10.321332,
    8.429341,
    9.204596,
    10.852737,
    2.841884,
    1.597086,
    6.399504,
    6.88517,
    12.89996,
    7.058102,
    6.249597,
    6.736028,
    3.835062,
    6.73655,
    7.758108,
    2.471699,
    0.712297,
    2.155313,
    47.69568,
    54.288857,
    88.644029,
    10.693493,
    6.526927,
    2.338484,
    6.949701,
    6.715777,
    9.63977,
    6.76833,
    9.134885,
    6.739473,
    8.377768,
    1.286943,
    2.215215,
    2.196048,
    4.992208,
    7.887758,
    8.988537,
    36.532768,
    15.950844,
    2.688379,
    8.32047,
    6.418924,
    9.069061,
    8.626986,
    10.149755,
    1.790438,
    9.269155,
    0.969267,
    10.546279,
    3.674671,
    6.331907,
    9.864658,
    35.027042,
    1.400755,
    0.741656,
    7.660284,
    6.504072,
    6.901217,
    8.427776,
    8.550003,
    8.75848,
    9.368848,
    6.094456,
    3.126628,
    53.27759,
    5.312802,
    7.156295,
    8.453416,
    1.006864,
    8.113601,
    9.751478,
    1.305982,
    5.551618,
    1.332479,
    1.55317,
    2.87719,
    12.074245,
    5.281495,
    16.621727
  ],
  "51200": [
    5.781594,
    6.905921,
    6.679608,
    8.496408,
    8.837924,
    0.861867,
    1.748579,
    6.584111,
    2.53926,
    6.533094,
    6.53942,
    6.791642,
    9.006465,
    8.515763,
    10.472437,
    2.910811,
    0.871623,
    2.001735,
    2.24609,
    6.724982,
    2.616252,
    6.941252,
    6.733688,
    9.555794,
    10.321332,
    8.429341,
    9.204596,
    10.852737,
    2.841884,
    1.597086,
    6.399504,
    6.88517,
    7.058102,
    6.249597,
    6.736028,
    3.835062,
    6.73655,
    7.758108,
    2.471699,
    0.712297,
    2.155313,
    6.526927,
    2.338484,
    6.949701,
    6.715777,
    9.63977,
    6.76833,
    9.134885,
    6.739473,
    8.377768,
    1.286943,
    2.215215,
    2.196048,
    4.992208,
    7.887758,
    2.688379,
    8.32047,
    6.418924,
    9.069061,
    8.626986,
    10.149755,
    1.790438,
    9.269155,
    0.969267,
    10.546279,
    3.674671,
    6.331907,
    1.400755,
    0.741656,
    7.660284,
    6.504072,
    6.901217,
    8.427776,
    8.550003,
    8.75848,
    9.368848,
    6.094456,
    3.126628,
    7.156295,
    8.453416,
    1.006864,
    8.113601,
    9.751478,
    1.305982,
    5.551618,
    1.332479,
    1.55317,
    2.87719
  ],
  "1048576": [
    5.047149,
    5.329862,
    10.038488,
    37.87122,
    40.490264,
    30.277164,
    47.69568,
    54.288857,
    8.988537,
    36.532768,
    53.27759,
    5.312802,
    12.074245,
    5.281495,
    16.621727
  ],
  "5242880": [
    88.851552,
    20.624053,
    12.89996,
    88.644029,
    10.693493,
    15.950844,
    9.864658,
    35.027042
  ]
}