{
  "ALL": [
    [
      77.5,
      2.5
    ],
    [
      77.5,
      2.5
    ],
    [
      77.5,
      2.5
    ],
    [
      77.5,
      2.5
    ],
    [
      62.5,
      2.5
    ],
    [
      62.5,
      2.5
    ],
    [
      67.5,
      2.5
    ],
    [
      67.5,
      2.5
    ],
    [
      57.5,
      2.5
    ],
    [
      57.5,
      2.5
    ],
    [
      82.5,
      2.5
    ],
    [
      82.5,
      2.5
    ],
    [
      60.0,
      2.5
    ],
    [
      60.0,
      2.5
    ],
    [
      65.85365853658537,
      2.4390243902439024
    ],
    [
      65.85365853658537,
      2.4390243902439024
    ]
  ],
  "TIMEOUT": [
    [
      77.5,
      2.5
    ],
    [
      77.5,
      2.5
    ],
    [
      62.5,
      2.5
    ],
    [
      67.5,
      2.5
    ],
    [
      57.5,
      2.5
    ],
    [
      82.5,
      2.5
    ],
    [
      60.0,
      2.5
    ],
    [
      65.85365853658537,
      2.4390243902439024
    ]
  ]
}