{
  "all": [
    0.86017,
    0.817868,
    0.779695,
    0.713638,
    1.131795,
    0.852845,
    5.092869,
    2.776987,
    14.85545,
    0.723916,
    0.68717,
    1.770007,
    2.725526,
    2.570656,
    4.676963,
    1.577859,
    5.154824,
    6.118686,
    2.068305,
    0.753433,
    0.930526,
    0.816487,
    1.021736,
    0.918129,
    0.781979,
    1.329123,
    0.92248,
    0.667187,
    0.800017,
    3.594239,
    11.219569,
    25.822997,
    11.486157,
    1.646661,
    0.631771,
    0.648823,
    0.528897,
    0.634109,
    1.691817,
    1.694042,
    5.365513,
    1.898345,
    2.448013,
    4.181307,
    31.106403,
    7.210508,
    2.975428,
    0.724965,
    0.474347,
    0.673593,
    2.057846,
    0.608941,
    1.802315,
    1.866049,
    1.634743,
    1.52092,
    1.594543,
    4.113564,
    10.019881,
    3.646178,
    3.132536,
    1.466396,
    20.815156,
    1.156027,
    0.595024,
    0.510218,
    0.925584,
    1.688035,
    2.639797,
    0.931895,
    0.599672,
    0.753426,
    0.695367,
    0.732022,
    1.950344,
    1.730367,
    1.846628,
    0.734381,
    0.708577,
    1.811184,
    16.918919,
    1.73006,
    1.886389,
    5.181078,
    6.022334,
    6.005095,
    0.482737,
    0.709825,
    0.510758,
    1.120442,
    0.633291,
    0.410927,
    1.268843,
    1.365387,
    6.474516,
    73.416454,
    4.182344,
    4.957902,
    4.283932,
    4.157379
  ],
  "51200": [
    0.86017,
    0.817868,
    0.779695,
    0.713638,
    1.131795,
    0.852845,
    0.723916,
    0.68717,
    2.068305,
    0.753433,
    0.930526,
    0.816487,
    1.021736,
    0.918129,
    0.781979,
    1.329123,
    0.92248,
    0.667187,
    0.800017,
    1.646661,
    0.631771,
    0.648823,
    0.528897,
    0.634109,
    1.691817,
    1.694042,
    5.365513,
    2.975428,
    0.724965,
    0.474347,
    0.673593,
    2.057846,
    0.608941,
    1.802315,
    1.866049,
    1.634743,
    1.156027,
    0.595024,
    0.510218,
    0.925584,
    1.688035,
    2.639797,
    0.931895,
    0.599672,
    0.753426,
    0.695367,
    0.732022,
    1.950344,
    1.730367,
    1.846628,
    0.734381,
    0.708577,
    1.811184,
    0.482737,
    0.709825,
    0.510758,
    1.120442,
    0.633291,
    0.410927
  ],
  "1048576": [
    5.092869,
    2.776987,
    1.770007,
    2.725526,
    2.570656,
    4.676963,
    1.577859,
    3.594239,
    1.898345,
    2.448013,
    4.181307,
    1.52092,
    1.594543,
    4.113564,
    10.019881,
    3.646178,
    3.132536,
    1.466396,
    16.918919,
    1.73006,
    1.886389,
    1.268843,
    1.365387,
    6.474516
  ],
  "5242880": [
    14.85545,
    5.154824,
    6.118686,
    11.219569,
    25.822997,
    11.486157,
    31.106403,
    7.210508,
    20.815156,
    5.181078,
    6.022334,
    6.005095,
    73.416454,
    4.182344,
    4.957902,
    4.283932,
    4.157379
  ]
}