{
  "all": [
    0.600623,
    0.559813,
    0.512754,
    0.51727,
    0.627685,
    0.60399,
    1.627225,
    0.466619,
    0.590064,
    0.318896,
    0.360943,
    0.39767,
    0.640051,
    0.580707,
    1.268712,
    0.376759,
    0.594138,
    0.708211,
    0.928318,
    0.535778,
    0.619276,
    0.529876,
    0.457921,
    0.568781,
    0.544083,
    0.722552,
    0.648219,
    0.488302,
    0.554673,
    0.619794,
    0.828513,
    0.74625,
    0.954771,
    1.361268,
    0.391879,
    0.385182,
    0.329246,
    0.398093,
    0.735543,
    1.377518,
    2.17202,
    0.417051,
    0.350029,
    0.977658,
    1.607707,
    0.453382,
    1.695642,
    0.383778,
    0.277117,
    0.385353,
    0.979947,
    0.326079,
    0.739374,
    0.74234,
    0.668971,
    0.339554,
    0.376368,
    0.999257,
    1.63461,
    1.252729,
    0.754003,
    0.293659,
    1.522316,
    0.519741,
    0.304663,
    0.294551,
    0.658122,
    1.0578,
    1.185872,
    0.649574,
    0.401441,
    0.414089,
    0.399055,
    0.439317,
    0.865072,
    0.767687,
    0.893335,
    0.409172,
    0.360272,
    0.748661,
    1.516353,
    0.402769,
    0.438461,
    0.342714,
    0.401752,
    0.351921,
    0.241347,
    0.303941,
    0.305195,
    0.496146,
    0.353313,
    0.234103,
    0.267316,
    0.263465,
    1.360698,
    6.207565,
    0.293999,
    0.370543,
    0.256072,
    0.305507
  ],
  "51200": [
    0.600623,
    0.559813,
    0.512754,
    0.51727,
    0.627685,
    0.60399,
    0.318896,
    0.360943,
    0.928318,
    0.535778,
    0.619276,
    0.529876,
    0.457921,
    0.568781,
    0.544083,
    0.722552,
    0.648219,
    0.488302,
    0.554673,
    1.361268,
    0.391879,
    0.385182,
    0.329246,
    0.398093,
    0.735543,
    1.377518,
    2.17202,
    1.695642,
    0.383778,
    0.277117,
    0.385353,
    0.979947,
    0.326079,
    0.739374,
    0.74234,
    0.668971,
    0.519741,
    0.304663,
    0.294551,
    0.658122,
    1.0578,
    1.185872,
    0.649574,
    0.401441,
    0.414089,
    0.399055,
    0.439317,
    0.865072,
    0.767687,
    0.893335,
    0.409172,
    0.360272,
    0.748661,
    0.241347,
    0.303941,
    0.305195,
    0.496146,
    0.353313,
    0.234103
  ],
  "1048576": [
    1.627225,
    0.466619,
    0.39767,
    0.640051,
    0.580707,
    1.268712,
    0.376759,
    0.619794,
    0.417051,
    0.350029,
    0.977658,
    0.339554,
    0.376368,
    0.999257,
    1.63461,
    1.252729,
    0.754003,
    0.293659,
    1.516353,
    0.402769,
    0.438461,
    0.267316,
    0.263465,
    1.360698
  ],
  "5242880": [
    0.590064,
    0.594138,
    0.708211,
    0.828513,
    0.74625,
    0.954771,
    1.607707,
    0.453382,
    1.522316,
    0.342714,
    0.401752,
    0.351921,
    6.207565,
    0.293999,
    0.370543,
    0.256072,
    0.305507
  ]
}