{
  "ALL": [
    [
      75.0,
      2.5
    ],
    [
      75.0,
      2.5
    ],
    [
      90.0,
      2.5
    ],
    [
      90.0,
      2.5
    ],
    [
      70.0,
      2.5
    ],
    [
      70.0,
      2.5
    ],
    [
      79.48717948717949,
      2.5641025641025643
    ],
    [
      79.48717948717949,
      2.5641025641025643
    ],
    [
      89.74358974358974,
      2.5641025641025643
    ],
    [
      89.74358974358974,
      2.5641025641025643
    ],
    [
      85.0,
      2.5
    ],
    [
      85.0,
      2.5
    ],
    [
      84.61538461538461,
      2.5641025641025643
    ],
    [
      84.61538461538461,
      2.5641025641025643
    ],
    [
      80.0,
      2.5
    ],
    [
      80.0,
      2.5
    ]
  ],
  "TIMEOUT": [
    [
      75.0,
      2.5
    ],
    [
      90.0,
      2.5
    ],
    [
      70.0,
      2.5
    ],
    [
      79.48717948717949,
      2.5641025641025643
    ],
    [
      89.74358974358974,
      2.5641025641025643
    ],
    [
      85.0,
      2.5
    ],
    [
      84.61538461538461,
      2.5641025641025643
    ],
    [
      80.0,
      2.5
    ]
  ]
}