{
  "ALL": [
    [
      64.1025641025641,
      2.5641025641025643
    ],
    [
      64.1025641025641,
      2.5641025641025643
    ],
    [
      62.5,
      2.5
    ],
    [
      62.5,
      2.5
    ],
    [
      80.0,
      2.5
    ],
    [
      80.0,
      2.5
    ],
    [
      62.5,
      2.5
    ],
    [
      62.5,
      2.5
    ],
    [
      70.0,
      2.5
    ],
    [
      70.0,
      2.5
    ],
    [
      72.5,
      2.5
    ],
    [
      72.5,
      2.5
    ],
    [
      57.5,
      2.5
    ],
    [
      57.5,
      2.5
    ],
    [
      70.0,
      2.5
    ],
    [
      70.0,
      2.5
    ]
  ],
  "TIMEOUT": [
    [
      64.1025641025641,
      2.5641025641025643
    ],
    [
      62.5,
      2.5
    ],
    [
      80.0,
      2.5
    ],
    [
      62.5,
      2.5
    ],
    [
      70.0,
      2.5
    ],
    [
      72.5,
      2.5
    ],
    [
      57.5,
      2.5
    ],
    [
      70.0,
      2.5
    ]
  ]
}