{
  "all": [
    3.184372,
    9.921012,
    9.099283,
    1.31026,
    0.427108,
    1.791992,
    0.540585,
    2.503749,
    1.733956,
    0.540153,
    0.552044,
    1.921371,
    5.032162,
    1.974586,
    3.999457,
    2.924911,
    9.16244,
    2.320959,
    2.547123,
    2.0446,
    0.838493,
    2.115753,
    1.929527,
    1.952204,
    2.069479,
    1.644836,
    1.674906,
    56.68192,
    7.690832,
    6.370498,
    6.712811,
    1.830951,
    4.612376,
    3.552133,
    6.502947,
    54.361038,
    7.355476,
    8.454263,
    6.813004,
    8.145162,
    9.870634,
    1.14868,
    0.567346,
    1.577526,
    2.057589,
    0.728428,
    0.612502,
    2.466748,
    1.560639,
    1.941054,
    0.93679,
    2.857102,
    7.316823,
    3.349286,
    7.922492,
    9.910626,
    0.747443,
    3.098539,
    1.318635,
    1.103202,
    3.077634,
    2.477463,
    9.710241,
    10.090632,
    7.5161,
    2.794134,
    2.324242,
    0.316758,
    1.103676,
    1.195772,
    1.092732,
    1.443861,
    12.892992,
    24.048846,
    4.901546,
    8.328974,
    9.226345,
    2.215363,
    9.832414,
    13.638486,
    2.856423,
    2.899377,
    1.608766,
    0.990519,
    0.696469,
    1.50289,
    0.953348,
    1.191644,
    3.105947,
    0.619555,
    4.047555,
    12.574976,
    7.081835,
    7.151768,
    9.261869,
    10.886426,
    10.411948,
    1.881218,
    0.737358,
    0.858769,
    1.999027,
    1.652346,
    1.184321,
    1.90509
  ],
  "51200": [
    3.184372,
    9.921012,
    9.099283,
    1.31026,
    0.427108,
    1.791992,
    0.540585,
    2.503749,
    1.733956,
    0.540153,
    0.552044,
    1.921371,
    3.999457,
    2.924911,
    9.16244,
    2.320959,
    2.547123,
    2.0446,
    0.838493,
    2.115753,
    1.929527,
    1.952204,
    2.069479,
    1.644836,
    1.674906,
    6.370498,
    6.712811,
    1.830951,
    8.454263,
    6.813004,
    8.145162,
    9.870634,
    1.14868,
    0.567346,
    1.577526,
    2.057589,
    0.728428,
    0.612502,
    2.466748,
    1.560639,
    1.941054,
    0.93679,
    7.316823,
    3.349286,
    7.922492,
    9.910626,
    0.747443,
    3.098539,
    1.318635,
    1.103202,
    7.5161,
    2.794134,
    2.324242,
    0.316758,
    1.103676,
    1.195772,
    1.092732,
    1.443861,
    8.328974,
    9.226345,
    2.215363,
    9.832414,
    13.638486,
    2.856423,
    2.899377,
    1.608766,
    0.990519,
    0.696469,
    1.50289,
    0.953348,
    1.191644,
    3.105947,
    0.619555,
    7.081835,
    7.151768,
    9.261869,
    10.886426,
    10.411948,
    1.881218,
    0.737358,
    0.858769,
    1.999027,
    1.652346,
    1.184321,
    1.90509
  ],
  "1048576": [
    5.032162,
    1.974586,
    56.68192,
    4.612376,
    3.552133,
    6.502947,
    2.857102,
    3.077634,
    2.477463,
    12.892992,
    24.048846,
    4.901546,
    4.047555
  ],
  "5242880": [
    7.690832,
    54.361038,
    7.355476,
    9.710241,
    10.090632,
    12.574976
  ]
}