{
  "all": [
    2.10652,
    3.489607,
    3.108764,
    0.707334,
    0.265918,
    0.73696,
    0.311627,
    1.564221,
    1.124716,
    0.339273,
    0.300187,
    0.812997,
    1.459507,
    0.399416,
    1.84972,
    1.765813,
    3.149375,
    1.207243,
    1.165399,
    0.975581,
    0.633038,
    1.063949,
    0.890362,
    0.891445,
    0.953162,
    1.035286,
    1.383731,
    3.364633,
    0.543936,
    3.502588,
    2.436823,
    0.800337,
    1.219339,
    0.86566,
    1.367844,
    1.317994,
    0.383483,
    3.024255,
    3.697119,
    6.663228,
    3.363725,
    0.661321,
    0.303511,
    1.285185,
    1.048881,
    0.455994,
    0.430013,
    1.058734,
    0.630533,
    1.340157,
    0.449688,
    0.660386,
    2.858569,
    1.982534,
    3.698546,
    3.738687,
    0.468743,
    1.308466,
    0.735077,
    0.534934,
    0.746782,
    0.533249,
    0.524766,
    0.701015,
    2.563637,
    1.050533,
    0.95409,
    0.237112,
    0.590275,
    0.515137,
    0.494461,
    1.234469,
    3.763666,
    2.674957,
    1.085233,
    2.860941,
    2.993658,
    1.011771,
    3.402125,
    13.017531,
    1.731585,
    1.156104,
    1.305578,
    0.527287,
    0.475037,
    1.302241,
    0.702425,
    0.581406,
    1.289848,
    0.383629,
    0.965151,
    1.278432,
    2.679975,
    3.761672,
    3.170317,
    9.333548,
    3.574769,
    0.836799,
    0.42184,
    0.414231,
    1.690558,
    1.375122,
    0.572322,
    0.845386
  ],
  "51200": [
    2.10652,
    3.489607,
    3.108764,
    0.707334,
    0.265918,
    0.73696,
    0.311627,
    1.564221,
    1.124716,
    0.339273,
    0.300187,
    0.812997,
    1.84972,
    1.765813,
    3.149375,
    1.207243,
    1.165399,
    0.975581,
    0.633038,
    1.063949,
    0.890362,
    0.891445,
    0.953162,
    1.035286,
    1.383731,
    3.502588,
    2.436823,
    0.800337,
    3.024255,
    3.697119,
    6.663228,
    3.363725,
    0.661321,
    0.303511,
    1.285185,
    1.048881,
    0.455994,
    0.430013,
    1.058734,
    0.630533,
    1.340157,
    0.449688,
    2.858569,
    1.982534,
    3.698546,
    3.738687,
    0.468743,
    1.308466,
    0.735077,
    0.534934,
    2.563637,
    1.050533,
    0.95409,
    0.237112,
    0.590275,
    0.515137,
    0.494461,
    1.234469,
    2.860941,
    2.993658,
    1.011771,
    3.402125,
    13.017531,
    1.731585,
    1.156104,
    1.305578,
    0.527287,
    0.475037,
    1.302241,
    0.702425,
    0.581406,
    1.289848,
    0.383629,
    2.679975,
    3.761672,
    3.170317,
    9.333548,
    3.574769,
    0.836799,
    0.42184,
    0.414231,
    1.690558,
    1.375122,
    0.572322,
    0.845386
  ],
  "1048576": [
    1.459507,
    0.399416,
    3.364633,
    1.219339,
    0.86566,
    1.367844,
    0.660386,
    0.746782,
    0.533249,
    3.763666,
    2.674957,
    1.085233,
    0.965151
  ],
  "5242880": [
    0.543936,
    1.317994,
    0.383483,
    0.524766,
    0.701015,
    1.278432
  ]
}