{
  "ALL": [
    [
      89.74358974358974,
      2.5641025641025643
    ],
    [
      89.74358974358974,
      2.5641025641025643
    ],
    [
      77.5,
      2.5
    ],
    [
      77.5,
      2.5
    ],
    [
      87.8048780487805,
      2.4390243902439024
    ],
    [
      87.8048780487805,
      2.4390243902439024
    ],
    [
      65.0,
      2.5
    ],
    [
      65.0,
      2.5
    ],
    [
      77.5,
      2.5
    ],
    [
      77.5,
      2.5
    ],
    [
      76.92307692307692,
      2.5641025641025643
    ],
    [
      76.92307692307692,
      2.5641025641025643
    ],
    [
      62.5,
      2.5
    ],
    [
      62.5,
      2.5
    ],
    [
      90.0,
      2.5
    ],
    [
      90.0,
      2.5
    ]
  ],
  "TIMEOUT": [
    [
      89.74358974358974,
      2.5641025641025643
    ],
    [
      77.5,
      2.5
    ],
    [
      87.8048780487805,
      2.4390243902439024
    ],
    [
      65.0,
      2.5
    ],
    [
      77.5,
      2.5
    ],
    [
      76.92307692307692,
      2.5641025641025643
    ],
    [
      62.5,
      2.5
    ],
    [
      90.0,
      2.5
    ]
  ]
}