{
  "ALL": [
    [
      82.05128205128206,
      2.5641025641025643
    ],
    [
      82.05128205128206,
      2.5641025641025643
    ],
    [
      74.35897435897436,
      2.5641025641025643
    ],
    [
      74.35897435897436,
      2.5641025641025643
    ],
    [
      79.48717948717949,
      2.5641025641025643
    ],
    [
      79.48717948717949,
      2.5641025641025643
    ],
    [
      87.5,
      2.5
    ],
    [
      87.5,
      2.5
    ],
    [
      76.92307692307692,
      2.5641025641025643
    ],
    [
      76.92307692307692,
      2.5641025641025643
    ],
    [
      79.48717948717949,
      2.5641025641025643
    ],
    [
      79.48717948717949,
      2.5641025641025643
    ],
    [
      75.0,
      2.5
    ],
    [
      75.0,
      2.5
    ],
    [
      65.0,
      2.5
    ],
    [
      65.0,
      2.5
    ]
  ],
  "TIMEOUT": [
    [
      82.05128205128206,
      2.5641025641025643
    ],
    [
      74.35897435897436,
      2.5641025641025643
    ],
    [
      79.48717948717949,
      2.5641025641025643
    ],
    [
      87.5,
      2.5
    ],
    [
      76.92307692307692,
      2.5641025641025643
    ],
    [
      79.48717948717949,
      2.5641025641025643
    ],
    [
      75.0,
      2.5
    ],
    [
      65.0,
      2.5
    ]
  ]
}