{
  "ALL": [
    [
      77.5,
      2.5
    ],
    [
      77.5,
      2.5
    ],
    [
      80.0,
      2.5
    ],
    [
      80.0,
      2.5
    ],
    [
      87.5,
      2.5
    ],
    [
      87.5,
      2.5
    ],
    [
      92.6829268292683,
      2.4390243902439024
    ],
    [
      92.6829268292683,
      2.4390243902439024
    ],
    [
      82.5,
      2.5
    ],
    [
      82.5,
      2.5
    ],
    [
      85.0,
      2.5
    ],
    [
      85.0,
      2.5
    ],
    [
      80.48780487804878,
      2.4390243902439024
    ],
    [
      80.48780487804878,
      2.4390243902439024
    ],
    [
      70.0,
      2.5
    ],
    [
      70.0,
      2.5
    ]
  ],
  "TIMEOUT": [
    [
      77.5,
      2.5
    ],
    [
      80.0,
      2.5
    ],
    [
      87.5,
      2.5
    ],
    [
      92.6829268292683,
      2.4390243902439024
    ],
    [
      82.5,
      2.5
    ],
    [
      85.0,
      2.5
    ],
    [
      80.48780487804878,
      2.4390243902439024
    ],
    [
      70.0,
      2.5
    ]
  ]
}