{
  "ALL": [
    [
      87.8048780487805,
      2.4390243902439024
    ],
    [
      87.8048780487805,
      2.4390243902439024
    ],
    [
      92.5,
      2.5
    ],
    [
      92.5,
      2.5
    ],
    [
      87.5,
      2.5
    ],
    [
      87.5,
      2.5
    ],
    [
      84.61538461538461,
      2.5641025641025643
    ],
    [
      84.61538461538461,
      2.5641025641025643
    ],
    [
      97.5,
      2.5
    ],
    [
      97.5,
      2.5
    ],
    [
      90.0,
      2.5
    ],
    [
      90.0,
      2.5
    ],
    [
      90.0,
      2.5
    ],
    [
      90.0,
      2.5
    ],
    [
      80.0,
      2.5
    ],
    [
      80.0,
      2.5
    ]
  ],
  "TIMEOUT": [
    [
      87.8048780487805,
      2.4390243902439024
    ],
    [
      92.5,
      2.5
    ],
    [
      87.5,
      2.5
    ],
    [
      84.61538461538461,
      2.5641025641025643
    ],
    [
      97.5,
      2.5
    ],
    [
      90.0,
      2.5
    ],
    [
      90.0,
      2.5
    ],
    [
      80.0,
      2.5
    ]
  ]
}