{
  "all": [
    0.940751,
    4.184107,
    3.391813,
    0.371206,
    0.88031,
    3.134475,
    3.709516,
    2.998135,
    3.862256,
    0.56915,
    0.633374,
    0.975494,
    0.706578,
    0.882329,
    3.781978,
    0.53578,
    3.013267,
    0.484087,
    0.445169,
    0.656937,
    0.515602,
    0.713764,
    0.579224,
    0.367056,
    5.77123,
    0.767302,
    0.563804,
    3.804174,
    3.029794,
    3.662689,
    3.905793,
    0.608003,
    2.976603,
    0.473445,
    2.13721,
    0.305834
  ],
  "51200": [
    0.940751,
    4.184107,
    3.391813,
    0.371206,
    3.134475,
    3.709516,
    2.998135,
    3.862256,
    0.56915,
    0.633374,
    0.975494,
    0.882329,
    3.781978,
    0.53578,
    3.013267,
    0.484087,
    0.445169,
    0.515602,
    0.713764,
    5.77123,
    0.767302,
    0.563804,
    3.029794,
    3.662689,
    3.905793,
    0.608003,
    2.976603,
    0.473445
  ],
  "1048576": [
    0.88031,
    0.706578,
    0.656937,
    0.579224,
    0.367056,
    3.804174,
    2.13721,
    0.305834
  ]
}