{
  "all": [
    2.198644,
    8.274527,
    8.635071,
    0.948873,
    17.265157,
    9.315632,
    9.764853,
    8.282411,
    9.833256,
    0.911893,
    1.224036,
    1.880181,
    14.548859,
    1.617019,
    9.626627,
    1.15401,
    7.84959,
    0.956466,
    0.995981,
    3.14404,
    0.844255,
    1.334778,
    5.009272,
    2.025518,
    6.181824,
    1.506089,
    0.999169,
    48.421666,
    8.898204,
    10.676602,
    10.533842,
    1.156437,
    8.039199,
    0.71174,
    31.127539,
    1.500438
  ],
  "51200": [
    2.198644,
    8.274527,
    8.635071,
    0.948873,
    9.315632,
    9.764853,
    8.282411,
    9.833256,
    0.911893,
    1.224036,
    1.880181,
    1.617019,
    9.626627,
    1.15401,
    7.84959,
    0.956466,
    0.995981,
    0.844255,
    1.334778,
    6.181824,
    1.506089,
    0.999169,
    8.898204,
    10.676602,
    10.533842,
    1.156437,
    8.039199,
    0.71174
  ],
  "1048576": [
    17.265157,
    14.548859,
    3.14404,
    5.009272,
    2.025518,
    48.421666,
    31.127539,
    1.500438
  ]
}