{
  "ALL": [
    [
      57.5,
      2.5
    ],
    [
      57.5,
      2.5
    ],
    [
      65.0,
      2.5
    ],
    [
      65.0,
      2.5
    ],
    [
      60.0,
      2.5
    ],
    [
      60.0,
      2.5
    ],
    [
      55.0,
      2.5
    ],
    [
      55.0,
      2.5
    ],
    [
      75.0,
      2.5
    ],
    [
      75.0,
      2.5
    ],
    [
      66.66666666666667,
      2.380952380952381
    ],
    [
      66.66666666666667,
      2.380952380952381
    ],
    [
      87.8048780487805,
      2.4390243902439024
    ],
    [
      87.8048780487805,
      2.4390243902439024
    ],
    [
      77.5,
      2.5
    ],
    [
      77.5,
      2.5
    ]
  ],
  "TIMEOUT": [
    [
      57.5,
      2.5
    ],
    [
      65.0,
      2.5
    ],
    [
      60.0,
      2.5
    ],
    [
      55.0,
      2.5
    ],
    [
      75.0,
      2.5
    ],
    [
      66.66666666666667,
      2.380952380952381
    ],
    [
      87.8048780487805,
      2.4390243902439024
    ],
    [
      77.5,
      2.5
    ]
  ]
}