{
  "all": [
    0.889644,
    1.096192,
    1.289728,
    0.74618,
    1.571637,
    0.610817,
    0.474793,
    1.406517,
    0.691924,
    2.355962,
    12.810491,
    2.419625,
    2.525837,
    3.119456,
    5.582445,
    64.387099,
    4.781727,
    0.967542,
    0.612618,
    0.929545,
    1.649041,
    1.745948,
    4.577961,
    1.355853,
    1.41461,
    1.406917,
    13.500993,
    4.897586,
    4.052401,
    2.752102,
    109.419793,
    0.745574,
    0.383443,
    0.385539,
    0.597445,
    2.636476,
    1.296399,
    1.305514,
    1.535145,
    0.730313,
    1.557657,
    0.941957,
    2.010097,
    14.306693,
    11.589597,
    5.326492,
    6.366446,
    0.799668,
    0.915904,
    0.702415,
    3.067489,
    0.533121,
    1.129443,
    1.577652,
    1.172041,
    0.864944,
    0.943637,
    1.095827,
    2.143634,
    1.519109,
    2.632807,
    5.050123,
    29.922777,
    9.842732,
    28.398461,
    1.949065,
    6.28996,
    2.577237,
    1.462059,
    2.106767,
    1.531898,
    1.770461,
    1.187542,
    2.137359,
    8.6103,
    4.207858,
    1.558659,
    1.392382,
    1.432541,
    1.162447,
    0.9164,
    0.894346,
    1.218586,
    14.80818,
    3.17964,
    3.119566,
    4.260336,
    34.725773,
    10.123689,
    0.562982,
    1.480876,
    1.555653,
    1.220528,
    3.927855,
    2.264404,
    1.159728,
    1.322789,
    2.439992,
    1.439363,
    1.493918,
    2.719548,
    1.898065,
    6.767451
  ],
  "51200": [
    0.889644,
    1.096192,
    1.289728,
    0.74618,
    1.571637,
    0.610817,
    0.474793,
    1.406517,
    0.691924,
    0.967542,
    0.612618,
    0.929545,
    1.649041,
    1.745948,
    4.577961,
    1.355853,
    1.41461,
    1.406917,
    0.745574,
    0.383443,
    0.385539,
    0.597445,
    2.636476,
    1.296399,
    1.305514,
    1.535145,
    0.730313,
    1.557657,
    0.799668,
    0.915904,
    0.702415,
    3.067489,
    0.533121,
    1.129443,
    1.577652,
    1.172041,
    0.864944,
    0.943637,
    1.095827,
    2.143634,
    1.519109,
    1.949065,
    6.28996,
    2.577237,
    1.462059,
    2.106767,
    1.531898,
    1.770461,
    1.187542,
    2.137359,
    4.207858,
    1.558659,
    1.392382,
    1.432541,
    1.162447,
    0.9164,
    0.894346,
    1.218586,
    0.562982,
    1.480876,
    1.555653,
    1.220528,
    2.264404,
    1.159728,
    1.322789,
    2.439992,
    1.439363,
    1.493918
  ],
  "1048576": [
    2.355962,
    12.810491,
    2.419625,
    2.525837,
    3.119456,
    13.500993,
    4.897586,
    4.052401,
    2.752102,
    0.941957,
    2.010097,
    14.306693,
    2.632807,
    8.6103,
    14.80818,
    3.17964,
    3.119566,
    4.260336,
    3.927855,
    2.719548,
    1.898065
  ],
  "5242880": [
    5.582445,
    64.387099,
    4.781727,
    109.419793,
    11.589597,
    5.326492,
    6.366446,
    5.050123,
    29.922777,
    9.842732,
    28.398461,
    34.725773,
    10.123689,
    6.767451
  ]
}