{
  "all": [
    0.459429,
    0.475692,
    0.600111,
    0.390726,
    0.743246,
    0.379412,
    0.285738,
    1.274291,
    0.357552,
    0.510897,
    3.808694,
    0.579687,
    0.588333,
    1.295504,
    0.4079,
    7.897686,
    0.332934,
    0.492918,
    0.480041,
    0.609425,
    1.402282,
    1.085485,
    3.853624,
    0.919487,
    0.774259,
    0.769149,
    4.359259,
    2.128972,
    0.967843,
    0.696907,
    10.079109,
    0.386798,
    0.259405,
    0.261517,
    0.340328,
    2.119391,
    0.641233,
    0.650202,
    0.697078,
    0.406158,
    0.761817,
    0.209459,
    0.464681,
    4.144017,
    0.74555,
    0.385715,
    0.39787,
    0.363168,
    0.56739,
    0.345064,
    2.522371,
    0.323032,
    0.510578,
    0.688409,
    0.542464,
    0.454693,
    0.469627,
    0.542342,
    1.475212,
    0.662464,
    0.600986,
    0.336436,
    1.553873,
    0.765574,
    3.466259,
    1.039834,
    4.870663,
    1.035644,
    1.225174,
    1.450705,
    0.640968,
    1.331616,
    0.542171,
    1.405208,
    1.685912,
    3.44689,
    0.751245,
    0.765962,
    0.781953,
    0.606697,
    0.575309,
    0.530483,
    0.585295,
    5.184277,
    0.741543,
    0.719152,
    1.050925,
    2.12447,
    0.533207,
    0.314788,
    0.67526,
    0.742626,
    0.657976,
    0.938746,
    0.850329,
    0.481361,
    0.71157,
    2.229831,
    0.645967,
    0.664008,
    0.586649,
    0.406606,
    0.554989
  ],
  "51200": [
    0.459429,
    0.475692,
    0.600111,
    0.390726,
    0.743246,
    0.379412,
    0.285738,
    1.274291,
    0.357552,
    0.492918,
    0.480041,
    0.609425,
    1.402282,
    1.085485,
    3.853624,
    0.919487,
    0.774259,
    0.769149,
    0.386798,
    0.259405,
    0.261517,
    0.340328,
    2.119391,
    0.641233,
    0.650202,
    0.697078,
    0.406158,
    0.761817,
    0.363168,
    0.56739,
    0.345064,
    2.522371,
    0.323032,
    0.510578,
    0.688409,
    0.542464,
    0.454693,
    0.469627,
    0.542342,
    1.475212,
    0.662464,
    1.039834,
    4.870663,
    1.035644,
    1.225174,
    1.450705,
    0.640968,
    1.331616,
    0.542171,
    1.405208,
    3.44689,
    0.751245,
    0.765962,
    0.781953,
    0.606697,
    0.575309,
    0.530483,
    0.585295,
    0.314788,
    0.67526,
    0.742626,
    0.657976,
    0.850329,
    0.481361,
    0.71157,
    2.229831,
    0.645967,
    0.664008
  ],
  "1048576": [
    0.510897,
    3.808694,
    0.579687,
    0.588333,
    1.295504,
    4.359259,
    2.128972,
    0.967843,
    0.696907,
    0.209459,
    0.464681,
    4.144017,
    0.600986,
    1.685912,
    5.184277,
    0.741543,
    0.719152,
    1.050925,
    0.938746,
    0.586649,
    0.406606
  ],
  "5242880": [
    0.4079,
    7.897686,
    0.332934,
    10.079109,
    0.74555,
    0.385715,
    0.39787,
    0.336436,
    1.553873,
    0.765574,
    3.466259,
    2.12447,
    0.533207,
    0.554989
  ]
}