{
  "ALL": [
    [
      82.5,
      2.5
    ],
    [
      82.5,
      2.5
    ],
    [
      82.5,
      2.5
    ],
    [
      82.5,
      2.5
    ],
    [
      70.0,
      2.5
    ],
    [
      70.0,
      2.5
    ],
    [
      77.5,
      2.5
    ],
    [
      77.5,
      2.5
    ],
    [
      67.5,
      2.5
    ],
    [
      67.5,
      2.5
    ],
    [
      80.0,
      2.5
    ],
    [
      80.0,
      2.5
    ],
    [
      75.60975609756098,
      2.4390243902439024
    ],
    [
      75.60975609756098,
      2.4390243902439024
    ],
    [
      75.0,
      2.5
    ],
    [
      75.0,
      2.5
    ]
  ],
  "TIMEOUT": [
    [
      82.5,
      2.5
    ],
    [
      82.5,
      2.5
    ],
    [
      70.0,
      2.5
    ],
    [
      77.5,
      2.5
    ],
    [
      67.5,
      2.5
    ],
    [
      80.0,
      2.5
    ],
    [
      75.60975609756098,
      2.4390243902439024
    ],
    [
      75.0,
      2.5
    ]
  ]
}