{
  "ALL": [
    [
      75.0,
      2.5
    ],
    [
      75.0,
      2.5
    ],
    [
      85.0,
      2.5
    ],
    [
      85.0,
      2.5
    ],
    [
      55.0,
      2.5
    ],
    [
      55.0,
      2.5
    ],
    [
      85.0,
      2.5
    ],
    [
      85.0,
      2.5
    ],
    [
      62.5,
      2.5
    ],
    [
      62.5,
      2.5
    ],
    [
      75.60975609756098,
      2.4390243902439024
    ],
    [
      75.60975609756098,
      2.4390243902439024
    ],
    [
      65.0,
      2.5
    ],
    [
      65.0,
      2.5
    ],
    [
      75.0,
      2.5
    ],
    [
      75.0,
      2.5
    ]
  ],
  "TIMEOUT": [
    [
      75.0,
      2.5
    ],
    [
      85.0,
      2.5
    ],
    [
      55.0,
      2.5
    ],
    [
      85.0,
      2.5
    ],
    [
      62.5,
      2.5
    ],
    [
      75.60975609756098,
      2.4390243902439024
    ],
    [
      65.0,
      2.5
    ],
    [
      75.0,
      2.5
    ]
  ]
}