{
  "ALL": [
    [
      89.74358974358974,
      2.5641025641025643
    ],
    [
      89.74358974358974,
      2.5641025641025643
    ],
    [
      90.2439024390244,
      2.4390243902439024
    ],
    [
      90.2439024390244,
      2.4390243902439024
    ],
    [
      90.0,
      2.5
    ],
    [
      90.0,
      2.5
    ],
    [
      90.0,
      2.5
    ],
    [
      90.0,
      2.5
    ],
    [
      97.5,
      2.5
    ],
    [
      97.5,
      2.5
    ],
    [
      94.73684210526316,
      2.6315789473684212
    ],
    [
      94.73684210526316,
      2.6315789473684212
    ],
    [
      97.5,
      2.5
    ],
    [
      97.5,
      2.5
    ],
    [
      87.17948717948718,
      2.5641025641025643
    ],
    [
      87.17948717948718,
      2.5641025641025643
    ]
  ],
  "TIMEOUT": [
    [
      89.74358974358974,
      2.5641025641025643
    ],
    [
      90.2439024390244,
      2.4390243902439024
    ],
    [
      90.0,
      2.5
    ],
    [
      90.0,
      2.5
    ],
    [
      97.5,
      2.5
    ],
    [
      94.73684210526316,
      2.6315789473684212
    ],
    [
      97.5,
      2.5
    ],
    [
      87.17948717948718,
      2.5641025641025643
    ]
  ]
}