{
  "ALL": [
    [
      85.36585365853658,
      2.4390243902439024
    ],
    [
      85.36585365853658,
      2.4390243902439024
    ],
    [
      97.5,
      2.5
    ],
    [
      97.5,
      2.5
    ],
    [
      94.87179487179488,
      2.5641025641025643
    ],
    [
      94.87179487179488,
      2.5641025641025643
    ],
    [
      92.5,
      2.5
    ],
    [
      92.5,
      2.5
    ],
    [
      90.0,
      2.5
    ],
    [
      90.0,
      2.5
    ],
    [
      75.0,
      2.5
    ],
    [
      75.0,
      2.5
    ],
    [
      90.0,
      2.5
    ],
    [
      90.0,
      2.5
    ],
    [
      87.5,
      2.5
    ],
    [
      87.5,
      2.5
    ]
  ],
  "TIMEOUT": [
    [
      85.36585365853658,
      2.4390243902439024
    ],
    [
      97.5,
      2.5
    ],
    [
      94.87179487179488,
      2.5641025641025643
    ],
    [
      92.5,
      2.5
    ],
    [
      90.0,
      2.5
    ],
    [
      75.0,
      2.5
    ],
    [
      90.0,
      2.5
    ],
    [
      87.5,
      2.5
    ]
  ]
}