{
  "ALL": [
    [
      42.5,
      2.5
    ],
    [
      42.5,
      2.5
    ],
    [
      56.41025641025641,
      2.5641025641025643
    ],
    [
      56.41025641025641,
      2.5641025641025643
    ],
    [
      53.84615384615385,
      2.5641025641025643
    ],
    [
      53.84615384615385,
      2.5641025641025643
    ],
    [
      40.0,
      2.5
    ],
    [
      40.0,
      2.5
    ],
    [
      42.5,
      2.5
    ],
    [
      42.5,
      2.5
    ],
    [
      37.5,
      2.5
    ],
    [
      37.5,
      2.5
    ],
    [
      69.23076923076923,
      2.5641025641025643
    ],
    [
      69.23076923076923,
      2.5641025641025643
    ],
    [
      55.0,
      2.5
    ],
    [
      55.0,
      2.5
    ]
  ],
  "TIMEOUT": [
    [
      42.5,
      2.5
    ],
    [
      56.41025641025641,
      2.5641025641025643
    ],
    [
      53.84615384615385,
      2.5641025641025643
    ],
    [
      40.0,
      2.5
    ],
    [
      42.5,
      2.5
    ],
    [
      37.5,
      2.5
    ],
    [
      69.23076923076923,
      2.5641025641025643
    ],
    [
      55.0,
      2.5
    ]
  ]
}