{
  "all": [
    2.662376,
    2.914392,
    3.517803,
    0.673436,
    1.742726,
    1.060445,
    0.431017,
    2.225837,
    0.83676,
    0.366983,
    3.113919,
    1.688918,
    0.616176,
    1.477271,
    0.806751,
    1.140852,
    3.418853,
    5.633381,
    3.966349,
    0.771281,
    5.736988,
    2.760583,
    2.640488,
    2.920207,
    3.449816,
    3.054311,
    1.047993,
    3.180407,
    2.536314,
    1.928429,
    0.767804,
    0.667359,
    4.304545,
    0.669501,
    3.236603,
    3.077643,
    4.144395,
    0.922793,
    2.593967,
    0.424762,
    2.706316,
    2.464261,
    3.067349,
    2.860554,
    1.187094,
    1.310612,
    0.397595,
    0.804398,
    0.669857,
    1.263995,
    0.423132,
    1.02626,
    0.501179,
    0.660697,
    3.036228,
    44.204943,
    1.69938,
    6.390894,
    2.474939,
    2.668181,
    4.100641,
    3.508775,
    3.795122,
    4.502406,
    0.789951,
    0.905173,
    1.856724,
    0.313215,
    1.023375,
    1.002763,
    0.632376,
    0.795806,
    0.922482,
    1.300452,
    1.238473,
    1.431538,
    1.237116,
    2.667961,
    0.676367,
    9.939225,
    0.705293,
    0.733039,
    2.378137,
    3.258129,
    3.809671,
    2.591342,
    0.513758,
    0.500418,
    2.947647,
    3.433638,
    3.66642,
    0.620566,
    4.593148,
    3.019672,
    0.23411,
    0.501677,
    0.762626,
    0.600512,
    0.3313,
    2.792791,
    0.616907,
    0.316778,
    3.774906,
    1.384151,
    0.501179,
    2.723742,
    2.661076,
    0.714531,
    1.100258,
    2.880673,
    3.295108,
    0.9921,
    0.632282,
    1.805091,
    1.622707,
    3.07803,
    3.825304,
    0.956337,
    2.862152,
    1.04422,
    1.45173,
    1.076922,
    1.465909,
    1.365217,
    2.441647,
    0.750385,
    4.847511,
    0.523804,
    19.701335,
    0.689693,
    2.102396,
    1.165806,
    3.315783,
    0.806668,
    0.325915,
    0.72227,
    0.413758,
    0.523582,
    0.565854,
    0.497952,
    2.46973,
    1.131761,
    2.768157,
    2.887148,
    3.130536,
    3.636533,
    1.522599,
    0.650134,
    0.45823,
    0.527389,
    0.718753,
    4.599836,
    0.56368,
    2.119758,
    0.530102,
    5.998191,
    0.858672,
    0.783824,
    3.822998,
    0.850618
  ],
  "51200": [
    2.662376,
    2.914392,
    3.517803,
    0.673436,
    1.742726,
    1.060445,
    0.431017,
    2.225837,
    0.83676,
    0.366983,
    3.113919,
    1.688918,
    0.616176,
    1.477271,
    2.920207,
    3.449816,
    3.054311,
    1.047993,
    3.180407,
    2.536314,
    1.928429,
    0.767804,
    0.667359,
    4.304545,
    0.669501,
    3.236603,
    3.077643,
    2.706316,
    2.464261,
    3.067349,
    2.860554,
    1.187094,
    1.310612,
    0.397595,
    0.804398,
    0.669857,
    1.263995,
    0.423132,
    1.02626,
    0.501179,
    0.660697,
    3.036228,
    2.474939,
    2.668181,
    4.100641,
    3.508775,
    3.795122,
    4.502406,
    0.789951,
    0.905173,
    1.856724,
    0.313215,
    1.023375,
    1.002763,
    0.632376,
    0.795806,
    0.922482,
    1.300452,
    1.238473,
    1.431538,
    1.237116,
    2.378137,
    3.258129,
    3.809671,
    2.591342,
    0.513758,
    0.500418,
    2.947647,
    3.433638,
    3.66642,
    0.620566,
    4.593148,
    3.019672,
    0.23411,
    0.501677,
    0.762626,
    0.600512,
    0.3313,
    2.723742,
    2.661076,
    0.714531,
    1.100258,
    2.880673,
    3.295108,
    0.9921,
    0.632282,
    1.805091,
    1.622707,
    3.07803,
    3.825304,
    0.956337,
    2.862152,
    1.04422,
    1.45173,
    1.076922,
    1.465909,
    2.102396,
    1.165806,
    3.315783,
    0.806668,
    0.325915,
    0.72227,
    0.413758,
    0.523582,
    0.565854,
    0.497952,
    2.768157,
    2.887148,
    3.130536,
    3.636533,
    1.522599,
    0.650134,
    0.45823,
    0.527389,
    0.718753,
    4.599836,
    0.56368,
    2.119758,
    0.530102,
    5.998191
  ],
  "1048576": [
    0.806751,
    1.140852,
    3.418853,
    5.633381,
    3.966349,
    0.771281,
    4.144395,
    0.922793,
    2.667961,
    0.676367,
    9.939225,
    0.705293,
    0.733039,
    2.792791,
    0.616907,
    0.316778,
    3.774906,
    1.365217,
    2.441647,
    0.750385,
    4.847511,
    0.523804,
    19.701335,
    0.689693,
    2.46973,
    1.131761,
    0.858672,
    0.783824,
    3.822998,
    0.850618
  ],
  "5242880": [
    5.736988,
    2.760583,
    2.640488,
    2.593967,
    0.424762,
    44.204943,
    1.69938,
    6.390894,
    1.384151,
    0.501179
  ]
}