{
  "all": [
    7.05073,
    7.011057,
    9.044289,
    1.409472,
    4.430022,
    1.337333,
    0.730341,
    2.394208,
    1.653324,
    0.630069,
    3.227671,
    2.24675,
    1.142241,
    2.180992,
    3.69171,
    9.465048,
    17.616714,
    18.539127,
    19.081265,
    3.163187,
    88.291146,
    71.354865,
    19.713375,
    8.111705,
    8.823545,
    8.409696,
    1.988378,
    9.230663,
    3.146611,
    2.735766,
    0.957965,
    1.394034,
    4.919404,
    1.350802,
    3.480866,
    3.651378,
    21.299797,
    4.115937,
    107.924659,
    7.677935,
    7.185122,
    6.927233,
    8.031042,
    8.066613,
    1.937475,
    2.62562,
    0.640491,
    1.854946,
    0.975211,
    2.66911,
    0.524217,
    1.045692,
    1.046063,
    1.372508,
    3.576955,
    92.807714,
    41.863426,
    82.2796,
    6.927957,
    6.703681,
    10.834418,
    10.097436,
    10.539364,
    4.985664,
    1.418104,
    1.874261,
    1.90373,
    0.472297,
    2.089934,
    2.270073,
    1.075628,
    2.000812,
    2.297471,
    2.948065,
    4.635864,
    2.436571,
    1.462833,
    11.505374,
    2.83732,
    14.79819,
    3.010699,
    2.957284,
    6.640702,
    8.931848,
    10.982653,
    5.891851,
    1.155676,
    0.669896,
    9.040992,
    9.748355,
    9.800058,
    1.199274,
    5.424354,
    4.32116,
    0.431758,
    0.707962,
    2.203254,
    1.427361,
    0.568391,
    43.239092,
    3.293931,
    1.534235,
    21.328826,
    16.494086,
    9.243159,
    7.756188,
    4.430382,
    1.388754,
    2.676111,
    7.01795,
    8.55038,
    1.775775,
    0.995317,
    3.497628,
    2.23981,
    3.568352,
    5.131165,
    1.410003,
    3.816735,
    1.92281,
    2.535139,
    2.196968,
    1.811918,
    3.835845,
    8.847739,
    4.100966,
    16.439725,
    2.602719,
    36.136238,
    14.17613,
    3.333539,
    2.179017,
    6.456015,
    1.600503,
    0.390487,
    1.769661,
    0.634694,
    0.833757,
    1.193826,
    1.010153,
    44.096901,
    9.65448,
    7.108328,
    7.174184,
    8.365769,
    9.891818,
    3.03503,
    0.82721,
    0.544521,
    0.896733,
    1.242164,
    4.723479,
    0.773161,
    3.063424,
    0.760619,
    7.222812,
    4.126849,
    8.003969,
    18.76955,
    12.563277
  ],
  "51200": [
    7.05073,
    7.011057,
    9.044289,
    1.409472,
    4.430022,
    1.337333,
    0.730341,
    2.394208,
    1.653324,
    0.630069,
    3.227671,
    2.24675,
    1.142241,
    2.180992,
    8.111705,
    8.823545,
    8.409696,
    1.988378,
    9.230663,
    3.146611,
    2.735766,
    0.957965,
    1.394034,
    4.919404,
    1.350802,
    3.480866,
    3.651378,
    7.185122,
    6.927233,
    8.031042,
    8.066613,
    1.937475,
    2.62562,
    0.640491,
    1.854946,
    0.975211,
    2.66911,
    0.524217,
    1.045692,
    1.046063,
    1.372508,
    3.576955,
    6.927957,
    6.703681,
    10.834418,
    10.097436,
    10.539364,
    4.985664,
    1.418104,
    1.874261,
    1.90373,
    0.472297,
    2.089934,
    2.270073,
    1.075628,
    2.000812,
    2.297471,
    2.948065,
    4.635864,
    2.436571,
    1.462833,
    6.640702,
    8.931848,
    10.982653,
    5.891851,
    1.155676,
    0.669896,
    9.040992,
    9.748355,
    9.800058,
    1.199274,
    5.424354,
    4.32116,
    0.431758,
    0.707962,
    2.203254,
    1.427361,
    0.568391,
    7.756188,
    4.430382,
    1.388754,
    2.676111,
    7.01795,
    8.55038,
    1.775775,
    0.995317,
    3.497628,
    2.23981,
    3.568352,
    5.131165,
    1.410003,
    3.816735,
    1.92281,
    2.535139,
    2.196968,
    1.811918,
    3.333539,
    2.179017,
    6.456015,
    1.600503,
    0.390487,
    1.769661,
    0.634694,
    0.833757,
    1.193826,
    1.010153,
    7.108328,
    7.174184,
    8.365769,
    9.891818,
    3.03503,
    0.82721,
    0.544521,
    0.896733,
    1.242164,
    4.723479,
    0.773161,
    3.063424,
    0.760619,
    7.222812
  ],
  "1048576": [
    3.69171,
    9.465048,
    17.616714,
    18.539127,
    19.081265,
    3.163187,
    21.299797,
    4.115937,
    11.505374,
    2.83732,
    14.79819,
    3.010699,
    2.957284,
    43.239092,
    3.293931,
    1.534235,
    21.328826,
    3.835845,
    8.847739,
    4.100966,
    16.439725,
    2.602719,
    36.136238,
    14.17613,
    44.096901,
    9.65448,
    4.126849,
    8.003969,
    18.76955,
    12.563277
  ],
  "5242880": [
    88.291146,
    71.354865,
    19.713375,
    107.924659,
    7.677935,
    92.807714,
    41.863426,
    82.2796,
    16.494086,
    9.243159
  ]
}