{
  "ALL": [
    [
      72.5,
      2.5
    ],
    [
      72.5,
      2.5
    ],
    [
      82.05128205128206,
      2.5641025641025643
    ],
    [
      82.05128205128206,
      2.5641025641025643
    ],
    [
      80.0,
      2.5
    ],
    [
      80.0,
      2.5
    ],
    [
      74.35897435897436,
      2.5641025641025643
    ],
    [
      74.35897435897436,
      2.5641025641025643
    ],
    [
      77.5,
      2.5
    ],
    [
      77.5,
      2.5
    ],
    [
      70.0,
      2.5
    ],
    [
      70.0,
      2.5
    ],
    [
      75.0,
      2.5
    ],
    [
      75.0,
      2.5
    ],
    [
      82.5,
      2.5
    ],
    [
      82.5,
      2.5
    ]
  ],
  "TIMEOUT": [
    [
      72.5,
      2.5
    ],
    [
      82.05128205128206,
      2.5641025641025643
    ],
    [
      80.0,
      2.5
    ],
    [
      74.35897435897436,
      2.5641025641025643
    ],
    [
      77.5,
      2.5
    ],
    [
      70.0,
      2.5
    ],
    [
      75.0,
      2.5
    ],
    [
      82.5,
      2.5
    ]
  ]
}