{
  "ALL": [
    [
      90.0,
      2.5
    ],
    [
      90.0,
      2.5
    ],
    [
      90.0,
      2.5
    ],
    [
      90.0,
      2.5
    ],
    [
      92.5,
      2.5
    ],
    [
      92.5,
      2.5
    ],
    [
      87.5,
      2.5
    ],
    [
      87.5,
      2.5
    ],
    [
      87.17948717948718,
      2.5641025641025643
    ],
    [
      87.17948717948718,
      2.5641025641025643
    ],
    [
      85.0,
      2.5
    ],
    [
      85.0,
      2.5
    ],
    [
      94.87179487179488,
      2.5641025641025643
    ],
    [
      94.87179487179488,
      2.5641025641025643
    ],
    [
      87.5,
      2.5
    ],
    [
      87.5,
      2.5
    ]
  ],
  "TIMEOUT": [
    [
      90.0,
      2.5
    ],
    [
      90.0,
      2.5
    ],
    [
      92.5,
      2.5
    ],
    [
      87.5,
      2.5
    ],
    [
      87.17948717948718,
      2.5641025641025643
    ],
    [
      85.0,
      2.5
    ],
    [
      94.87179487179488,
      2.5641025641025643
    ],
    [
      87.5,
      2.5
    ]
  ]
}