{
  "ALL": [
    [
      90.2439024390244,
      2.4390243902439024
    ],
    [
      90.2439024390244,
      2.4390243902439024
    ],
    [
      82.5,
      2.5
    ],
    [
      82.5,
      2.5
    ],
    [
      82.5,
      2.5
    ],
    [
      82.5,
      2.5
    ],
    [
      90.0,
      2.5
    ],
    [
      90.0,
      2.5
    ],
    [
      80.0,
      2.5
    ],
    [
      80.0,
      2.5
    ],
    [
      90.0,
      2.5
    ],
    [
      90.0,
      2.5
    ],
    [
      87.5,
      2.5
    ],
    [
      87.5,
      2.5
    ],
    [
      85.0,
      2.5
    ],
    [
      85.0,
      2.5
    ]
  ],
  "TIMEOUT": [
    [
      90.2439024390244,
      2.4390243902439024
    ],
    [
      82.5,
      2.5
    ],
    [
      82.5,
      2.5
    ],
    [
      90.0,
      2.5
    ],
    [
      80.0,
      2.5
    ],
    [
      90.0,
      2.5
    ],
    [
      87.5,
      2.5
    ],
    [
      85.0,
      2.5
    ]
  ]
}