{
  "ALL": [
    [
      85.0,
      2.5
    ],
    [
      85.0,
      2.5
    ],
    [
      75.60975609756098,
      2.4390243902439024
    ],
    [
      75.60975609756098,
      2.4390243902439024
    ],
    [
      82.5,
      2.5
    ],
    [
      82.5,
      2.5
    ],
    [
      70.0,
      2.5
    ],
    [
      70.0,
      2.5
    ],
    [
      69.23076923076923,
      2.5641025641025643
    ],
    [
      69.23076923076923,
      2.5641025641025643
    ],
    [
      90.0,
      2.5
    ],
    [
      90.0,
      2.5
    ],
    [
      78.04878048780488,
      2.4390243902439024
    ],
    [
      78.04878048780488,
      2.4390243902439024
    ],
    [
      85.0,
      2.5
    ],
    [
      85.0,
      2.5
    ]
  ],
  "TIMEOUT": [
    [
      85.0,
      2.5
    ],
    [
      75.60975609756098,
      2.4390243902439024
    ],
    [
      82.5,
      2.5
    ],
    [
      70.0,
      2.5
    ],
    [
      69.23076923076923,
      2.5641025641025643
    ],
    [
      90.0,
      2.5
    ],
    [
      78.04878048780488,
      2.4390243902439024
    ],
    [
      85.0,
      2.5
    ]
  ]
}