{
  "all": [
    0.847863,
    1.200534,
    0.765621,
    2.813517,
    3.490018,
    3.761154,
    2.577736,
    3.06991,
    4.06586,
    3.882253,
    3.502093,
    2.324351,
    4.211716,
    3.953478,
    2.804328,
    2.648972,
    2.204123,
    3.979529,
    2.030649,
    2.744128,
    2.791043,
    3.682177,
    3.461042,
    3.787863,
    3.802872,
    2.787929,
    2.727291,
    2.779552,
    0.36914,
    3.178583,
    2.69107,
    3.21939,
    1.462881,
    2.407954,
    2.92268,
    2.912414,
    2.938491,
    3.492557,
    3.300592,
    2.70429,
    2.937695,
    3.979785,
    3.316667,
    2.310752,
    2.881457,
    2.946931,
    2.89027,
    3.340312,
    3.645637,
    2.496645,
    2.667377,
    2.799697,
    4.558778,
    4.764539,
    4.014055,
    0.672396,
    2.155817,
    2.715735,
    2.230662,
    1.939273,
    2.790334,
    2.473751,
    2.232634,
    1.886795,
    2.529766,
    2.942903,
    2.567622,
    3.090234,
    3.120153,
    3.593149,
    4.101006,
    3.482845,
    2.422144,
    2.198843,
    2.296573,
    2.933943,
    2.742241,
    2.638252,
    3.682177,
    3.626093,
    3.465418,
    3.00136,
    3.967847,
    2.636651,
    2.713216,
    2.18482,
    4.465947,
    0.776865,
    3.355258,
    3.654301,
    2.519137,
    2.398403,
    2.993007,
    2.972405,
    2.845124,
    3.223762,
    3.138395,
    4.183411,
    2.493838,
    1.69181,
    2.585487,
    2.056487,
    2.100144,
    2.549435,
    3.237218,
    2.436215,
    3.070525,
    2.709448,
    3.893888,
    1.831539,
    1.444385,
    3.301873,
    3.127956,
    0.508108
  ],
  "51200": [
    0.847863,
    1.200534,
    0.765621,
    2.813517,
    3.490018,
    3.761154,
    2.577736,
    3.06991,
    4.06586,
    3.882253,
    3.502093,
    2.324351,
    4.211716,
    3.953478,
    2.648972,
    2.204123,
    3.979529,
    2.030649,
    2.744128,
    2.791043,
    3.682177,
    3.461042,
    3.787863,
    3.802872,
    0.36914,
    3.178583,
    2.69107,
    3.21939,
    1.462881,
    2.407954,
    2.92268,
    2.912414,
    2.938491,
    3.492557,
    3.300592,
    2.70429,
    2.937695,
    3.979785,
    3.316667,
    2.310752,
    2.89027,
    3.340312,
    3.645637,
    2.496645,
    2.667377,
    2.799697,
    4.558778,
    4.764539,
    4.014055,
    0.672396,
    2.155817,
    2.790334,
    2.473751,
    2.232634,
    1.886795,
    2.529766,
    2.942903,
    2.567622,
    3.090234,
    3.120153,
    3.593149,
    4.101006,
    2.422144,
    2.198843,
    2.296573,
    2.933943,
    2.742241,
    2.638252,
    3.682177,
    3.626093,
    3.465418,
    3.00136,
    3.967847,
    0.776865,
    3.355258,
    3.654301,
    2.519137,
    2.398403,
    2.993007,
    2.972405,
    2.845124,
    3.223762,
    3.138395,
    4.183411,
    2.056487,
    2.100144,
    2.549435,
    3.237218,
    2.436215,
    3.070525,
    2.709448,
    3.893888,
    1.831539,
    1.444385
  ],
  "1048576": [
    2.804328,
    2.787929,
    2.881457,
    2.946931,
    2.715735,
    2.230662,
    3.482845,
    2.636651,
    2.713216,
    3.301873,
    3.127956
  ],
  "5242880": [
    2.727291,
    2.779552,
    1.939273,
    2.18482,
    4.465947,
    2.493838,
    1.69181,
    2.585487,
    0.508108
  ]
}