{
  "all": [
    1.908197,
    1.876317,
    1.538,
    7.662676,
    7.85319,
    7.701543,
    6.809782,
    7.431796,
    10.9646,
    10.745034,
    9.790794,
    5.08342,
    10.371608,
    5.589357,
    43.815363,
    5.423253,
    4.858604,
    7.708518,
    5.186162,
    7.981586,
    8.038284,
    10.574036,
    10.217066,
    10.900477,
    11.158805,
    51.858098,
    107.01372,
    116.937651,
    0.629261,
    8.753287,
    6.871061,
    9.214886,
    2.634715,
    6.851026,
    7.44857,
    7.41443,
    8.606933,
    9.93619,
    9.596348,
    6.924565,
    4.68832,
    8.56712,
    8.997998,
    3.490788,
    10.808462,
    53.200371,
    5.82307,
    9.406148,
    7.647224,
    5.614985,
    7.240803,
    7.491431,
    10.051587,
    9.10213,
    10.959942,
    1.823055,
    6.543938,
    30.94769,
    12.795624,
    59.015909,
    5.335706,
    4.783752,
    5.768779,
    2.892615,
    6.996888,
    7.484567,
    6.806018,
    7.576293,
    8.638384,
    9.340557,
    10.341624,
    55.759353,
    5.883809,
    6.24197,
    7.193924,
    6.03315,
    7.802455,
    7.33106,
    10.651141,
    10.086521,
    10.192938,
    8.766529,
    10.443659,
    10.013147,
    11.460235,
    91.016285,
    50.074352,
    1.275079,
    8.729061,
    7.656846,
    7.050917,
    6.009399,
    7.807809,
    7.622888,
    7.553613,
    9.02542,
    8.331828,
    10.358836,
    101.004977,
    92.262319,
    106.23521,
    4.156654,
    5.724162,
    6.492168,
    9.248936,
    6.184821,
    8.25702,
    7.012762,
    10.802233,
    4.168121,
    8.967382,
    55.888301,
    48.634558,
    9.719747
  ],
  "51200": [
    1.908197,
    1.876317,
    1.538,
    7.662676,
    7.85319,
    7.701543,
    6.809782,
    7.431796,
    10.9646,
    10.745034,
    9.790794,
    5.08342,
    10.371608,
    5.589357,
    5.423253,
    4.858604,
    7.708518,
    5.186162,
    7.981586,
    8.038284,
    10.574036,
    10.217066,
    10.900477,
    11.158805,
    0.629261,
    8.753287,
    6.871061,
    9.214886,
    2.634715,
    6.851026,
    7.44857,
    7.41443,
    8.606933,
    9.93619,
    9.596348,
    6.924565,
    4.68832,
    8.56712,
    8.997998,
    3.490788,
    5.82307,
    9.406148,
    7.647224,
    5.614985,
    7.240803,
    7.491431,
    10.051587,
    9.10213,
    10.959942,
    1.823055,
    6.543938,
    5.335706,
    4.783752,
    5.768779,
    2.892615,
    6.996888,
    7.484567,
    6.806018,
    7.576293,
    8.638384,
    9.340557,
    10.341624,
    5.883809,
    6.24197,
    7.193924,
    6.03315,
    7.802455,
    7.33106,
    10.651141,
    10.086521,
    10.192938,
    8.766529,
    10.443659,
    1.275079,
    8.729061,
    7.656846,
    7.050917,
    6.009399,
    7.807809,
    7.622888,
    7.553613,
    9.02542,
    8.331828,
    10.358836,
    4.156654,
    5.724162,
    6.492168,
    9.248936,
    6.184821,
    8.25702,
    7.012762,
    10.802233,
    4.168121,
    8.967382
  ],
  "1048576": [
    43.815363,
    51.858098,
    10.808462,
    53.200371,
    30.94769,
    12.795624,
    55.759353,
    10.013147,
    11.460235,
    55.888301,
    48.634558
  ],
  "5242880": [
    107.01372,
    116.937651,
    59.015909,
    91.016285,
    50.074352,
    101.004977,
    92.262319,
    106.23521,
    9.719747
  ]
}