{
  "ALL": [
    [
      95.0,
      2.5
    ],
    [
      95.0,
      2.5
    ],
    [
      90.2439024390244,
      2.4390243902439024
    ],
    [
      90.2439024390244,
      2.4390243902439024
    ],
    [
      92.3076923076923,
      2.5641025641025643
    ],
    [
      92.3076923076923,
      2.5641025641025643
    ],
    [
      97.5,
      2.5
    ],
    [
      97.5,
      2.5
    ],
    [
      92.3076923076923,
      2.5641025641025643
    ],
    [
      92.3076923076923,
      2.5641025641025643
    ],
    [
      85.0,
      2.5
    ],
    [
      85.0,
      2.5
    ],
    [
      97.5609756097561,
      2.4390243902439024
    ],
    [
      97.5609756097561,
      2.4390243902439024
    ],
    [
      97.5,
      2.5
    ],
    [
      97.5,
      2.5
    ]
  ],
  "TIMEOUT": [
    [
      95.0,
      2.5
    ],
    [
      90.2439024390244,
      2.4390243902439024
    ],
    [
      92.3076923076923,
      2.5641025641025643
    ],
    [
      97.5,
      2.5
    ],
    [
      92.3076923076923,
      2.5641025641025643
    ],
    [
      85.0,
      2.5
    ],
    [
      97.5609756097561,
      2.4390243902439024
    ],
    [
      97.5,
      2.5
    ]
  ]
}