{
  "ALL": [
    [
      73.17073170731707,
      2.4390243902439024
    ],
    [
      73.17073170731707,
      2.4390243902439024
    ],
    [
      80.0,
      2.5
    ],
    [
      80.0,
      2.5
    ],
    [
      75.0,
      2.5
    ],
    [
      75.0,
      2.5
    ],
    [
      95.0,
      2.5
    ],
    [
      95.0,
      2.5
    ],
    [
      82.5,
      2.5
    ],
    [
      82.5,
      2.5
    ],
    [
      70.0,
      2.5
    ],
    [
      70.0,
      2.5
    ],
    [
      80.48780487804878,
      2.4390243902439024
    ],
    [
      80.48780487804878,
      2.4390243902439024
    ],
    [
      87.8048780487805,
      2.4390243902439024
    ],
    [
      87.8048780487805,
      2.4390243902439024
    ]
  ],
  "TIMEOUT": [
    [
      73.17073170731707,
      2.4390243902439024
    ],
    [
      80.0,
      2.5
    ],
    [
      75.0,
      2.5
    ],
    [
      95.0,
      2.5
    ],
    [
      82.5,
      2.5
    ],
    [
      70.0,
      2.5
    ],
    [
      80.48780487804878,
      2.4390243902439024
    ],
    [
      87.8048780487805,
      2.4390243902439024
    ]
  ]
}