{
  "ALL": [
    [
      15.384615384615385,
      2.5641025641025643
    ],
    [
      15.384615384615385,
      2.5641025641025643
    ],
    [
      5.0,
      2.5
    ],
    [
      5.0,
      2.5
    ],
    [
      12.5,
      2.5
    ],
    [
      12.5,
      2.5
    ],
    [
      17.5,
      2.5
    ],
    [
      17.5,
      2.5
    ],
    [
      9.75609756097561,
      2.4390243902439024
    ],
    [
      9.75609756097561,
      2.4390243902439024
    ],
    [
      10.0,
      2.5
    ],
    [
      10.0,
      2.5
    ],
    [
      7.317073170731708,
      2.4390243902439024
    ],
    [
      7.317073170731708,
      2.4390243902439024
    ],
    [
      12.5,
      2.5
    ],
    [
      12.5,
      2.5
    ]
  ],
  "TIMEOUT": [
    [
      15.384615384615385,
      2.5641025641025643
    ],
    [
      5.0,
      2.5
    ],
    [
      12.5,
      2.5
    ],
    [
      17.5,
      2.5
    ],
    [
      9.75609756097561,
      2.4390243902439024
    ],
    [
      10.0,
      2.5
    ],
    [
      7.317073170731708,
      2.4390243902439024
    ],
    [
      12.5,
      2.5
    ]
  ]
}