{
 "ad": 6.601732014477845e-05,
 "ae": 0.009700310490962408,
 "af": 0.00016927425846860524,
 "ag": 2.6406928057911374e-05,
 "ai": 5.262423497562888e-06,
 "al": 0.00033916682749936256,
 "am": 0.0008398081458061696,
 "an": 1.00158862202082e-06,
 "ao": 0.00012078731360242295,
 "ap": 5.195559746912091e-07,
 "aq": 1.5033508122353449e-06,
 "ar": 0.00404739841879213,
 "as": 3.619158220267588e-06,
 "at": 0.005470924413498432,
 "au": 0.010555878044537082,
 "aw": 2.6968360277708098e-05,
 "ax": 1.808021908216264e-05,
 "az": 0.00045740065586197585,
 "ba": 0.00039174520491717165,
 "bb": 7.2995444223428e-05,
 "bd": 0.001872167426036884,
 "be": 0.003807596407789494,
 "bf": 5.9327005935135626e-05,
 "bg": 0.003570328631565886,
 "bh": 0.0002579131758204693,
 "bi": 1.8225128055836164e-05,
 "bj": 0.00011992817265962432,
 "bl": 4.219336376118978e-06,
 "bm": 3.875999664628785e-05,
 "bn": 8.784212646560203e-05,
 "bo": 0.000545988786055658,
 "bq": 6.608591228088391e-06,
 "br": 0.014271294263303688,
 "bs": 0.00010721212791512018,
 "bt": 1.303490075418357e-05,
 "bv": 0.0,
 "bw": 6.894453080484226e-05,
 "by": 0.002394316264796416,
 "bz": 5.0539145411649774e-05,
 "ca": 0.02007483901685487,
 "cc": 5.195559746912091e-07,
 "cd": 8.405420066289368e-05,
 "cf": 5.844547432375304e-06,
 "cg": 3.910286821767172e-05,
 "ch": 0.007212018557254378,
 "ci": 0.00024352280968230433,
 "ck": 1.00842949853757e-06,
 "cl": 0.0021485163547031753,
 "cm": 0.0003375469100895182,
 "cn": 0.000503179996093032,
 "co": 0.0023983166285203848,
 "cr": 0.0004388686388665052,
 "cs": 1.0391119493824182e-06,
 "cu": 0.00021891681749861613,
 "cv": 2.746320518022783e-05,
 "cw": 9.735815106805716e-05,
 "cx": 5.099970044749941e-07,
 "cy": 0.0005711076805475739,
 "cz": 0.004908272653197105,
 "de": 0.08510342925405553,
 "dj": 1.5968354590217794e-05,
 "dk": 0.002380233133178118,
 "dm": 2.2618032562999324e-05,
 "do": 0.0004707316788754516,
 "dz": 0.000944552761988618,
 "ec": 0.0008043254218713434,
 "ee": 0.0007874231336467438,
 "eg": 0.0005799038802647563,
 "eh": 4.886545697881794e-07,
 "er": 5.39367205554162e-06,
 "es": 0.012242654898433014,
 "et": 0.0003605718464356991,
 "eu": 2.606980150836714e-06,
 "fi": 0.006249807943326209,
 "fj": 3.385308842216118e-05,
 "fk": 1.5033508122353449e-06,
 "fm": 5.687248631849067e-06,
 "fo": 2.1040030291162162e-05,
 "fr": 0.05312898216784242,
 "ga": 8.118466133963381e-05,
 "gb": 0.03366933982763106,
 "gd": 2.6727432669622478e-05,
 "ge": 0.0005525325996182007,
 "gf": 5.666190338464379e-05,
 "gg": 3.4123491791094405e-05,
 "gh": 0.0006776017739660059,
 "gi": 1.981304914635903e-05,
 "gl": 1.8612813704233307e-05,
 "gm": 2.8070318845090125e-05,
 "gn": 3.7523063582906294e-05,
 "gp": 0.00013247640846717357,
 "gq": 1.1155505389512682e-05,
 "gr": 0.0024418068852315325,
 "gs": 0.0,
 "gt": 0.00030940064245879654,
 "gu": 5.658975714417633e-05,
 "gw": 4.956443421066293e-06,
 "gy": 5.357083095200327e-05,
 "hk": 0.0026402294129103036,
 "hm": 5.398138239440408e-07,
 "hn": 0.00021325480001129572,
 "hr": 0.0011481140584284888,
 "ht": 5.894710176358779e-05,
 "hu": 0.0021785715647776884,
 "id": 0.06789590900681824,
 "ie": 0.005451763047821704,
 "il": 0.0048714134420076265,
 "im": 7.755339043430546e-05,
 "in": 0.030350769695758697,
 "io": 0.0,
 "iq": 0.0004059233066981691,
 "ir": 0.014438954431683188,
 "is": 0.0005135759528473766,
 "it": 0.014347501136193696,
 "je": 4.8586413703813806e-05,
 "jm": 0.00023419101402985597,
 "jo": 0.00041089180058110096,
 "jp": 0.014075706150732909,
 "ke": 0.0007674563626978761,
 "kg": 0.0003114725764157115,
 "kh": 0.0005192707304136549,
 "ki": 2.028273707184124e-06,
 "km": 2.637085235074361e-06,
 "kn": 2.9917037180965827e-05,
 "kp": 8.531384371943154e-06,
 "kr": 0.0046720314881701745,
 "kw": 0.0004943513036550777,
 "ky": 2.5027009448032457e-05,
 "kz": 0.0011878841057166925,
 "la": 6.890609920355608e-05,
 "lb": 0.0003550562565167997,
 "lc": 2.8718383603135773e-05,
 "li": 4.4607990789596636e-05,
 "lk": 0.00041694794964611064,
 "lr": 9.271947826578076e-05,
 "ls": 5.915151884972148e-05,
 "lt": 0.0014753111808390635,
 "lu": 0.0009569188782414701,
 "lv": 0.002134880054385465,
 "ly": 0.00021149423585296376,
 "ma": 0.0009494252525669748,
 "mc": 4.388450270021892e-05,
 "md": 0.007042981098268414,
 "me": 0.00013923810041192628,
 "mf": 1.0523455685647415e-05,
 "mg": 0.00016632533362338236,
 "mh": 4.103404657231657e-06,
 "mk": 0.0007095484471542974,
 "ml": 7.764907138739288e-05,
 "mm": 0.00019493448865318306,
 "mn": 0.0002536676337007806,
 "mo": 7.283543266586192e-05,
 "mp": 4.397891128093615e-06,
 "mq": 0.0001305257369473875,
 "mr": 3.143824246135392e-05,
 "ms": 5.07068426796031e-07,
 "mt": 0.0001927337477478445,
 "mu": 0.0001970320457395749,
 "mv": 9.694293502709791e-05,
 "mw": 4.157989910069404e-05,
 "mx": 0.0073259492018383846,
 "my": 0.002833811793610908,
 "mz": 8.509273568476475e-05,
 "na": 9.271947826578076e-05,
 "nc": 9.790790672162691e-05,
 "ne": 4.027012638575361e-05,
 "nf": 1.00842949853757e-06,
 "ng": 0.0009870026851067797,
 "ni": 0.00020958969515942323,
 "nl": 0.02527272569487485,
 "no": 0.003969752681420837,
 "np": 0.0004749702938111954,
 "nr": 2.4297666063293164e-07,
 "nu": 5.0079431101041e-07,
 "nz": 0.001431757889479366,
 "om": 0.001187704958144104,
 "pa": 0.00030677002564927447,
 "pe": 0.0016039071174240049,
 "pf": 6.353105840786691e-05,
 "pg": 4.027012638575361e-05,
 "ph": 0.00612911350335983,
 "pk": 0.002981195091043671,
 "pl": 0.009923844219515147,
 "pm": 7.0954844715429746e-06,
 "pr": 0.0003003876091040491,
 "ps": 0.0001652621226334353,
 "pt": 0.0021773518246621573,
 "pw": 2.1884157421417914e-06,
 "py": 0.0002852545995830617,
 "qa": 0.000437972665340568,
 "re": 0.0002352797500333584,
 "ro": 0.003288532021949838,
 "rs": 0.0011358136087558143,
 "ru": 0.1345852601280361,
 "rw": 9.76952619635826e-05,
 "sa": 0.001784052631435497,
 "sb": 9.352007544441764e-06,
 "sc": 0.00031434056002086386,
 "sd": 0.0004815826927860623,
 "se": 0.006527998926572103,
 "sg": 0.004015951136418019,
 "sh": 0.0,
 "si": 0.000741256379228428,
 "sj": 0.0,
 "sk": 0.0014156078867275223,
 "sl": 2.2554701024877404e-05,
 "sm": 1.1891519866593504e-05,
 "sn": 0.00020130616543802428,
 "so": 6.0001555162985404e-05,
 "sr": 6.744589216402488e-05,
 "ss": 1.9036922684919126e-05,
 "st": 3.401673248861043e-06,
 "sv": 0.0002473502405243244,
 "sx": 9.253866767927564e-06,
 "sy": 0.0003217013506132505,
 "sz": 2.1377237236861055e-05,
 "tc": 1.2545947180170855e-05,
 "td": 4.731739850326049e-05,
 "tg": 5.43918485193749e-05,
 "th": 0.019108309091314266,
 "tj": 0.0001289577955097678,
 "tk": 0.0,
 "tl": 1.802878744056848e-05,
 "tm": 8.054025277150721e-06,
 "tn": 0.0005062575495859558,
 "to": 3.156004543674324e-06,
 "tr": 0.013170801887654154,
 "tt": 0.0002364384548874899,
 "tv": 0.0,
 "tw": 0.0033632829364810394,
 "tz": 0.0001916016047221383,
 "ua": 0.03952395792079583,
 "ug": 0.0004884387997039866,
 "um": 0.0,
 "us": 0.19243138863624956,
 "uy": 0.00040376270442516046,
 "uz": 0.0002792129793867345,
 "va": 1.4659637093645382e-06,
 "vc": 1.2980594955461444e-05,
 "ve": 0.011041294069115503,
 "vg": 8.732903964975969e-06,
 "vi": 1.5254021961092567e-05,
 "vn": 0.008133460956215298,
 "vu": 7.176495780642811e-06,
 "wf": 0.0,
 "ws": 4.179476447639897e-06,
 "xk": 1.5787270492688665e-05,
 "ye": 0.00017587014086568975,
 "yt": 1.8624933453411043e-05,
 "za": 0.002336093779493846,
 "zm": 0.00012111245433807091,
 "zw": 0.00019563532271628855
}