{
  "ALL": [
    [
      90.2439024390244,
      2.4390243902439024
    ],
    [
      90.2439024390244,
      2.4390243902439024
    ],
    [
      90.0,
      2.5
    ],
    [
      90.0,
      2.5
    ],
    [
      95.0,
      2.5
    ],
    [
      95.0,
      2.5
    ],
    [
      90.0,
      2.5
    ],
    [
      90.0,
      2.5
    ],
    [
      90.2439024390244,
      2.4390243902439024
    ],
    [
      90.2439024390244,
      2.4390243902439024
    ],
    [
      97.5,
      2.5
    ],
    [
      97.5,
      2.5
    ],
    [
      95.0,
      2.5
    ],
    [
      95.0,
      2.5
    ],
    [
      95.1219512195122,
      2.4390243902439024
    ],
    [
      95.1219512195122,
      2.4390243902439024
    ]
  ],
  "TIMEOUT": [
    [
      90.2439024390244,
      2.4390243902439024
    ],
    [
      90.0,
      2.5
    ],
    [
      95.0,
      2.5
    ],
    [
      90.0,
      2.5
    ],
    [
      90.2439024390244,
      2.4390243902439024
    ],
    [
      97.5,
      2.5
    ],
    [
      95.0,
      2.5
    ],
    [
      95.1219512195122,
      2.4390243902439024
    ]
  ]
}