{
  "ALL": [
    [
      77.5,
      2.5
    ],
    [
      77.5,
      2.5
    ],
    [
      87.5,
      2.5
    ],
    [
      87.5,
      2.5
    ],
    [
      80.0,
      2.5
    ],
    [
      80.0,
      2.5
    ],
    [
      77.5,
      2.5
    ],
    [
      77.5,
      2.5
    ],
    [
      67.5,
      2.5
    ],
    [
      67.5,
      2.5
    ],
    [
      78.04878048780488,
      2.4390243902439024
    ],
    [
      78.04878048780488,
      2.4390243902439024
    ],
    [
      80.0,
      2.5
    ],
    [
      80.0,
      2.5
    ],
    [
      72.5,
      2.5
    ],
    [
      72.5,
      2.5
    ]
  ],
  "TIMEOUT": [
    [
      77.5,
      2.5
    ],
    [
      87.5,
      2.5
    ],
    [
      80.0,
      2.5
    ],
    [
      77.5,
      2.5
    ],
    [
      67.5,
      2.5
    ],
    [
      78.04878048780488,
      2.4390243902439024
    ],
    [
      80.0,
      2.5
    ],
    [
      72.5,
      2.5
    ]
  ]
}