{
  "ALL": [
    [
      25.0,
      2.5
    ],
    [
      25.0,
      2.5
    ],
    [
      51.282051282051285,
      2.5641025641025643
    ],
    [
      51.282051282051285,
      2.5641025641025643
    ],
    [
      17.94871794871795,
      2.5641025641025643
    ],
    [
      17.94871794871795,
      2.5641025641025643
    ],
    [
      32.5,
      2.5
    ],
    [
      32.5,
      2.5
    ],
    [
      37.5,
      2.5
    ],
    [
      37.5,
      2.5
    ],
    [
      22.5,
      2.5
    ],
    [
      22.5,
      2.5
    ],
    [
      42.5,
      2.5
    ],
    [
      42.5,
      2.5
    ],
    [
      42.5,
      2.5
    ],
    [
      42.5,
      2.5
    ]
  ],
  "TIMEOUT": [
    [
      25.0,
      2.5
    ],
    [
      51.282051282051285,
      2.5641025641025643
    ],
    [
      17.94871794871795,
      2.5641025641025643
    ],
    [
      32.5,
      2.5
    ],
    [
      37.5,
      2.5
    ],
    [
      22.5,
      2.5
    ],
    [
      42.5,
      2.5
    ],
    [
      42.5,
      2.5
    ]
  ]
}