{
  "ALL": [
    [
      34.146341463414636,
      2.4390243902439024
    ],
    [
      34.146341463414636,
      2.4390243902439024
    ],
    [
      24.390243902439025,
      2.4390243902439024
    ],
    [
      24.390243902439025,
      2.4390243902439024
    ],
    [
      15.384615384615385,
      2.5641025641025643
    ],
    [
      15.384615384615385,
      2.5641025641025643
    ],
    [
      26.829268292682926,
      2.4390243902439024
    ],
    [
      26.829268292682926,
      2.4390243902439024
    ],
    [
      24.390243902439025,
      2.4390243902439024
    ],
    [
      24.390243902439025,
      2.4390243902439024
    ],
    [
      42.5,
      2.5
    ],
    [
      42.5,
      2.5
    ],
    [
      27.5,
      2.5
    ],
    [
      27.5,
      2.5
    ],
    [
      30.0,
      2.5
    ],
    [
      30.0,
      2.5
    ]
  ],
  "TIMEOUT": [
    [
      34.146341463414636,
      2.4390243902439024
    ],
    [
      24.390243902439025,
      2.4390243902439024
    ],
    [
      15.384615384615385,
      2.5641025641025643
    ],
    [
      26.829268292682926,
      2.4390243902439024
    ],
    [
      24.390243902439025,
      2.4390243902439024
    ],
    [
      42.5,
      2.5
    ],
    [
      27.5,
      2.5
    ],
    [
      30.0,
      2.5
    ]
  ]
}