{
  "ALL": [
    [
      77.5,
      2.5
    ],
    [
      77.5,
      2.5
    ],
    [
      80.0,
      2.5
    ],
    [
      80.0,
      2.5
    ],
    [
      74.35897435897436,
      2.5641025641025643
    ],
    [
      74.35897435897436,
      2.5641025641025643
    ],
    [
      75.0,
      2.5
    ],
    [
      75.0,
      2.5
    ],
    [
      71.7948717948718,
      2.5641025641025643
    ],
    [
      71.7948717948718,
      2.5641025641025643
    ],
    [
      72.5,
      2.5
    ],
    [
      72.5,
      2.5
    ],
    [
      71.7948717948718,
      2.5641025641025643
    ],
    [
      71.7948717948718,
      2.5641025641025643
    ],
    [
      67.5,
      2.5
    ],
    [
      67.5,
      2.5
    ]
  ],
  "TIMEOUT": [
    [
      77.5,
      2.5
    ],
    [
      80.0,
      2.5
    ],
    [
      74.35897435897436,
      2.5641025641025643
    ],
    [
      75.0,
      2.5
    ],
    [
      71.7948717948718,
      2.5641025641025643
    ],
    [
      72.5,
      2.5
    ],
    [
      71.7948717948718,
      2.5641025641025643
    ],
    [
      67.5,
      2.5
    ]
  ]
}