{
  "ALL": [
    [
      67.5,
      2.5
    ],
    [
      67.5,
      2.5
    ],
    [
      65.0,
      2.5
    ],
    [
      65.0,
      2.5
    ],
    [
      64.1025641025641,
      2.5641025641025643
    ],
    [
      64.1025641025641,
      2.5641025641025643
    ],
    [
      67.5,
      2.5
    ],
    [
      67.5,
      2.5
    ],
    [
      67.5,
      2.5
    ],
    [
      67.5,
      2.5
    ],
    [
      77.5,
      2.5
    ],
    [
      77.5,
      2.5
    ],
    [
      62.5,
      2.5
    ],
    [
      62.5,
      2.5
    ],
    [
      61.53846153846154,
      2.5641025641025643
    ],
    [
      61.53846153846154,
      2.5641025641025643
    ]
  ],
  "TIMEOUT": [
    [
      67.5,
      2.5
    ],
    [
      65.0,
      2.5
    ],
    [
      64.1025641025641,
      2.5641025641025643
    ],
    [
      67.5,
      2.5
    ],
    [
      67.5,
      2.5
    ],
    [
      77.5,
      2.5
    ],
    [
      62.5,
      2.5
    ],
    [
      61.53846153846154,
      2.5641025641025643
    ]
  ]
}