{
  "all": [
    1.964644,
    0.823793,
    8.406469,
    8.063517,
    5.915366,
    2.37235,
    9.365894,
    8.974159,
    10.745115,
    2.198932,
    2.266057,
    39.361515,
    9.616423,
    1.071207,
    4.920474,
    6.387529,
    7.374014,
    6.577849,
    8.292512,
    8.492288,
    10.581468,
    10.796304,
    0.819812,
    1.932721,
    45.083668,
    2.016317,
    2.325779,
    6.706085,
    2.821471,
    7.395429,
    10.591322,
    2.22223,
    0.843672,
    1.468816,
    1.421837,
    1.41746,
    1.299066,
    3.073851,
    42.123771,
    116.550761,
    99.101343,
    6.106574,
    4.710654,
    1.442676,
    6.841803,
    7.084124,
    8.489927,
    8.014535,
    9.437245,
    1.240479,
    2.03822,
    2.443694,
    37.71863,
    8.180908,
    5.755384,
    7.863779,
    8.256171,
    5.870823,
    6.980388,
    0.92173,
    8.311212,
    8.874719,
    8.988612,
    2.12383,
    2.575438,
    2.046373,
    30.347864,
    5.101845,
    6.965468,
    6.886888,
    6.986255,
    7.086918,
    9.854102,
    8.542537,
    2.266944,
    8.512753,
    6.005051,
    1.513458,
    2.283389,
    7.742329,
    7.064323,
    9.790187,
    0.720204,
    1.467155,
    1.876288,
    1.662757,
    52.34968,
    45.684266,
    2.973776,
    9.360885,
    8.258501,
    6.0308,
    4.187458,
    7.838465,
    4.989654,
    11.177108,
    7.245302,
    8.034227,
    8.433767,
    10.469757,
    2.299055,
    3.429037,
    1.890673,
    45.684738,
    1.53672,
    6.665051
  ],
  "51200": [
    1.964644,
    0.823793,
    8.406469,
    8.063517,
    5.915366,
    2.37235,
    9.365894,
    8.974159,
    10.745115,
    2.198932,
    2.266057,
    1.071207,
    4.920474,
    6.387529,
    7.374014,
    6.577849,
    8.292512,
    8.492288,
    10.581468,
    10.796304,
    0.819812,
    1.932721,
    6.706085,
    2.821471,
    7.395429,
    10.591322,
    2.22223,
    0.843672,
    1.468816,
    1.421837,
    1.41746,
    1.299066,
    6.106574,
    4.710654,
    1.442676,
    6.841803,
    7.084124,
    8.489927,
    8.014535,
    9.437245,
    1.240479,
    2.03822,
    2.443694,
    5.755384,
    7.863779,
    8.256171,
    5.870823,
    6.980388,
    0.92173,
    8.311212,
    8.874719,
    8.988612,
    2.12383,
    2.575438,
    2.046373,
    5.101845,
    6.965468,
    6.886888,
    6.986255,
    7.086918,
    9.854102,
    8.542537,
    2.266944,
    6.005051,
    1.513458,
    2.283389,
    7.742329,
    7.064323,
    9.790187,
    0.720204,
    1.467155,
    1.876288,
    1.662757,
    6.0308,
    4.187458,
    7.838465,
    4.989654,
    11.177108,
    7.245302,
    8.034227,
    8.433767,
    10.469757,
    2.299055,
    3.429037,
    1.890673
  ],
  "1048576": [
    39.361515,
    45.083668,
    2.016317,
    2.325779,
    3.073851,
    42.123771,
    37.71863,
    30.347864,
    8.512753,
    52.34968,
    45.684266,
    2.973776,
    45.684738,
    1.53672,
    6.665051
  ],
  "5242880": [
    9.616423,
    116.550761,
    99.101343,
    8.180908,
    9.360885,
    8.258501
  ]
}