{
  "all": [
    0.891755,
    0.614014,
    3.019613,
    2.860495,
    2.650514,
    1.064412,
    3.386817,
    3.201888,
    3.876133,
    1.586648,
    1.638033,
    2.521813,
    0.48954,
    0.533548,
    2.272743,
    2.10945,
    2.707753,
    2.861128,
    2.933328,
    3.012668,
    3.634671,
    3.772411,
    0.497161,
    0.827263,
    2.473064,
    0.457755,
    0.533232,
    3.746352,
    1.606538,
    2.583018,
    3.740201,
    1.11854,
    0.4908,
    0.726047,
    0.790878,
    0.894796,
    0.703383,
    0.772634,
    2.794116,
    2.555806,
    3.135046,
    2.332478,
    2.227322,
    0.73013,
    2.508188,
    2.470241,
    3.075859,
    3.616131,
    3.261737,
    0.607665,
    0.955528,
    1.130736,
    2.55665,
    0.665218,
    2.645312,
    3.023176,
    4.003121,
    2.545482,
    3.326885,
    0.605741,
    3.452233,
    3.233219,
    3.422002,
    1.020631,
    1.276689,
    0.931379,
    2.225045,
    3.21615,
    3.053424,
    2.567992,
    2.761917,
    2.554306,
    3.542421,
    2.964936,
    1.025997,
    2.090124,
    2.28465,
    0.825291,
    1.048772,
    2.775489,
    2.496311,
    3.34458,
    0.379746,
    0.692558,
    0.785568,
    1.498019,
    2.6527,
    3.269789,
    0.642658,
    0.60366,
    0.687267,
    2.247482,
    1.941389,
    4.173563,
    2.510036,
    3.739504,
    2.539364,
    3.214507,
    2.95629,
    3.541431,
    1.006937,
    1.392537,
    0.777616,
    2.758361,
    0.331146,
    1.361856
  ],
  "51200": [
    0.891755,
    0.614014,
    3.019613,
    2.860495,
    2.650514,
    1.064412,
    3.386817,
    3.201888,
    3.876133,
    1.586648,
    1.638033,
    0.533548,
    2.272743,
    2.10945,
    2.707753,
    2.861128,
    2.933328,
    3.012668,
    3.634671,
    3.772411,
    0.497161,
    0.827263,
    3.746352,
    1.606538,
    2.583018,
    3.740201,
    1.11854,
    0.4908,
    0.726047,
    0.790878,
    0.894796,
    0.703383,
    2.332478,
    2.227322,
    0.73013,
    2.508188,
    2.470241,
    3.075859,
    3.616131,
    3.261737,
    0.607665,
    0.955528,
    1.130736,
    2.645312,
    3.023176,
    4.003121,
    2.545482,
    3.326885,
    0.605741,
    3.452233,
    3.233219,
    3.422002,
    1.020631,
    1.276689,
    0.931379,
    3.21615,
    3.053424,
    2.567992,
    2.761917,
    2.554306,
    3.542421,
    2.964936,
    1.025997,
    2.28465,
    0.825291,
    1.048772,
    2.775489,
    2.496311,
    3.34458,
    0.379746,
    0.692558,
    0.785568,
    1.498019,
    2.247482,
    1.941389,
    4.173563,
    2.510036,
    3.739504,
    2.539364,
    3.214507,
    2.95629,
    3.541431,
    1.006937,
    1.392537,
    0.777616
  ],
  "1048576": [
    2.521813,
    2.473064,
    0.457755,
    0.533232,
    0.772634,
    2.794116,
    2.55665,
    2.225045,
    2.090124,
    2.6527,
    3.269789,
    0.642658,
    2.758361,
    0.331146,
    1.361856
  ],
  "5242880": [
    0.48954,
    2.555806,
    3.135046,
    0.665218,
    0.60366,
    0.687267
  ]
}