{
  "ALL": [
    [
      84.61538461538461,
      2.5641025641025643
    ],
    [
      84.61538461538461,
      2.5641025641025643
    ],
    [
      75.0,
      2.5
    ],
    [
      75.0,
      2.5
    ],
    [
      80.0,
      2.5
    ],
    [
      80.0,
      2.5
    ],
    [
      82.5,
      2.5
    ],
    [
      82.5,
      2.5
    ],
    [
      90.0,
      2.5
    ],
    [
      90.0,
      2.5
    ],
    [
      84.61538461538461,
      2.5641025641025643
    ],
    [
      84.61538461538461,
      2.5641025641025643
    ],
    [
      82.5,
      2.5
    ],
    [
      82.5,
      2.5
    ],
    [
      82.5,
      2.5
    ],
    [
      82.5,
      2.5
    ]
  ],
  "TIMEOUT": [
    [
      84.61538461538461,
      2.5641025641025643
    ],
    [
      75.0,
      2.5
    ],
    [
      80.0,
      2.5
    ],
    [
      82.5,
      2.5
    ],
    [
      90.0,
      2.5
    ],
    [
      84.61538461538461,
      2.5641025641025643
    ],
    [
      82.5,
      2.5
    ],
    [
      82.5,
      2.5
    ]
  ]
}