{
  "ALL": [
    [
      82.5,
      2.5
    ],
    [
      82.5,
      2.5
    ],
    [
      87.5,
      2.5
    ],
    [
      87.5,
      2.5
    ],
    [
      87.5,
      2.5
    ],
    [
      87.5,
      2.5
    ],
    [
      89.74358974358974,
      2.5641025641025643
    ],
    [
      89.74358974358974,
      2.5641025641025643
    ],
    [
      84.61538461538461,
      2.5641025641025643
    ],
    [
      84.61538461538461,
      2.5641025641025643
    ],
    [
      87.5,
      2.5
    ],
    [
      87.5,
      2.5
    ],
    [
      79.48717948717949,
      2.5641025641025643
    ],
    [
      79.48717948717949,
      2.5641025641025643
    ],
    [
      82.92682926829268,
      2.4390243902439024
    ],
    [
      82.92682926829268,
      2.4390243902439024
    ]
  ],
  "TIMEOUT": [
    [
      82.5,
      2.5
    ],
    [
      87.5,
      2.5
    ],
    [
      87.5,
      2.5
    ],
    [
      89.74358974358974,
      2.5641025641025643
    ],
    [
      84.61538461538461,
      2.5641025641025643
    ],
    [
      87.5,
      2.5
    ],
    [
      79.48717948717949,
      2.5641025641025643
    ],
    [
      82.92682926829268,
      2.4390243902439024
    ]
  ]
}