{
  "ALL": [
    [
      34.146341463414636,
      2.4390243902439024
    ],
    [
      34.146341463414636,
      2.4390243902439024
    ],
    [
      7.5,
      2.5
    ],
    [
      7.5,
      2.5
    ],
    [
      32.5,
      2.5
    ],
    [
      32.5,
      2.5
    ],
    [
      10.0,
      2.5
    ],
    [
      10.0,
      2.5
    ],
    [
      31.70731707317073,
      2.4390243902439024
    ],
    [
      31.70731707317073,
      2.4390243902439024
    ],
    [
      10.0,
      2.5
    ],
    [
      10.0,
      2.5
    ],
    [
      22.5,
      2.5
    ],
    [
      22.5,
      2.5
    ],
    [
      37.5,
      2.5
    ],
    [
      37.5,
      2.5
    ]
  ],
  "TIMEOUT": [
    [
      34.146341463414636,
      2.4390243902439024
    ],
    [
      7.5,
      2.5
    ],
    [
      32.5,
      2.5
    ],
    [
      10.0,
      2.5
    ],
    [
      31.70731707317073,
      2.4390243902439024
    ],
    [
      10.0,
      2.5
    ],
    [
      22.5,
      2.5
    ],
    [
      37.5,
      2.5
    ]
  ]
}