{
  "ALL": [
    [
      95.0,
      2.5
    ],
    [
      95.0,
      2.5
    ],
    [
      97.5,
      2.5
    ],
    [
      97.5,
      2.5
    ],
    [
      97.5609756097561,
      2.4390243902439024
    ],
    [
      97.5609756097561,
      2.4390243902439024
    ],
    [
      92.5,
      2.5
    ],
    [
      92.5,
      2.5
    ],
    [
      87.17948717948718,
      2.5641025641025643
    ],
    [
      87.17948717948718,
      2.5641025641025643
    ],
    [
      92.5,
      2.5
    ],
    [
      92.5,
      2.5
    ],
    [
      92.5,
      2.5
    ],
    [
      92.5,
      2.5
    ],
    [
      100.0,
      2.5
    ],
    [
      100.0,
      2.5
    ]
  ],
  "TIMEOUT": [
    [
      95.0,
      2.5
    ],
    [
      97.5,
      2.5
    ],
    [
      97.5609756097561,
      2.4390243902439024
    ],
    [
      92.5,
      2.5
    ],
    [
      87.17948717948718,
      2.5641025641025643
    ],
    [
      92.5,
      2.5
    ],
    [
      92.5,
      2.5
    ],
    [
      100.0,
      2.5
    ]
  ]
}