{
  "ALL": [
    [
      50.0,
      2.5
    ],
    [
      50.0,
      2.5
    ],
    [
      45.0,
      2.5
    ],
    [
      45.0,
      2.5
    ],
    [
      57.5,
      2.5
    ],
    [
      57.5,
      2.5
    ],
    [
      60.0,
      2.5
    ],
    [
      60.0,
      2.5
    ],
    [
      51.21951219512195,
      2.4390243902439024
    ],
    [
      51.21951219512195,
      2.4390243902439024
    ],
    [
      52.5,
      2.5
    ],
    [
      52.5,
      2.5
    ],
    [
      42.5,
      2.5
    ],
    [
      42.5,
      2.5
    ],
    [
      62.5,
      2.5
    ],
    [
      62.5,
      2.5
    ]
  ],
  "TIMEOUT": [
    [
      50.0,
      2.5
    ],
    [
      45.0,
      2.5
    ],
    [
      57.5,
      2.5
    ],
    [
      60.0,
      2.5
    ],
    [
      51.21951219512195,
      2.4390243902439024
    ],
    [
      52.5,
      2.5
    ],
    [
      42.5,
      2.5
    ],
    [
      62.5,
      2.5
    ]
  ]
}