{
  "all": [
    0.937457,
    1.059983,
    1.10615,
    0.568618,
    0.670476,
    1.15341,
    0.922574,
    1.043657,
    1.012324,
    0.969237,
    1.658635,
    0.44432,
    1.199539,
    1.15955,
    0.861336,
    0.526071,
    0.898917,
    1.293824,
    10.998857,
    1.094102,
    1.031487,
    0.647127,
    0.627649,
    1.173282,
    1.132642,
    1.283691,
    1.349215,
    1.132312,
    0.937123,
    5.475465,
    0.71286,
    0.659765,
    0.966677,
    1.036176,
    0.639228,
    0.752732,
    1.569413,
    1.404805,
    1.762029,
    1.601023,
    0.556589,
    1.079019,
    3.224147,
    1.176322,
    0.515874,
    0.815721,
    1.835755,
    0.782233,
    0.753752,
    0.626368,
    0.53541,
    0.73905,
    1.050619,
    0.788684,
    0.835312,
    1.175624,
    0.795137,
    0.924338,
    1.385901,
    0.433953,
    0.960587,
    0.55512,
    0.412838,
    0.747774,
    0.918209,
    0.726972,
    0.952612,
    0.815841,
    1.109052,
    1.214873,
    0.479472,
    0.790157,
    0.427215,
    0.753618,
    0.704941,
    0.775735,
    0.644476,
    1.148159,
    0.485284,
    1.455984,
    1.376449,
    1.455362,
    0.907006,
    0.466357,
    0.518915,
    0.789376,
    0.722971,
    1.182859,
    0.826958,
    1.641798,
    1.348481,
    6.086659,
    0.624095,
    0.51189,
    0.883245,
    2.025185,
    0.47377,
    0.710666,
    1.267477,
    1.030344,
    1.3478,
    0.809638,
    1.001619,
    1.091701,
    1.100978,
    0.646531,
    1.418652,
    0.628374,
    1.148252,
    1.07609,
    0.515144,
    1.043095,
    1.019844,
    0.80607,
    0.474576,
    0.503521,
    0.684467,
    0.977849,
    0.515883,
    0.454512,
    0.987413,
    0.816042,
    0.870688,
    0.425435,
    1.388391,
    0.933814,
    0.71116,
    1.032553,
    0.646192,
    0.522064,
    0.419668,
    0.751688,
    1.622292,
    0.957799,
    0.60937,
    0.598062,
    1.112901,
    0.857767,
    0.852059,
    0.417647,
    0.940089,
    1.5491,
    0.837087,
    1.010741,
    0.979524,
    0.479436,
    0.717692,
    0.646219,
    0.907622,
    0.766488,
    0.704135,
    0.708523
  ],
  "51200": [
    0.937457,
    1.059983,
    1.10615,
    0.568618,
    0.670476,
    1.15341,
    0.922574,
    1.043657,
    1.012324,
    0.969237,
    1.658635,
    0.44432,
    1.199539,
    1.15955,
    0.861336,
    0.526071,
    0.898917,
    1.031487,
    0.647127,
    0.627649,
    1.173282,
    1.132642,
    1.283691,
    1.349215,
    1.132312,
    0.937123,
    5.475465,
    0.71286,
    0.659765,
    0.966677,
    1.036176,
    0.639228,
    3.224147,
    1.176322,
    0.515874,
    0.815721,
    1.835755,
    0.782233,
    0.753752,
    0.626368,
    0.53541,
    0.73905,
    1.050619,
    0.788684,
    0.433953,
    0.960587,
    0.55512,
    0.412838,
    0.747774,
    0.918209,
    0.726972,
    0.952612,
    0.815841,
    1.109052,
    1.214873,
    0.479472,
    0.790157,
    0.775735,
    0.644476,
    1.148159,
    0.485284,
    1.455984,
    1.376449,
    1.455362,
    0.907006,
    0.466357,
    0.518915,
    0.789376,
    0.722971,
    1.182859,
    0.826958,
    2.025185,
    0.47377,
    0.710666,
    1.267477,
    1.030344,
    1.3478,
    0.809638,
    1.001619,
    1.091701,
    1.100978,
    0.646531,
    1.418652,
    0.628374,
    1.148252,
    1.07609,
    0.515144,
    0.474576,
    0.503521,
    0.684467,
    0.977849,
    0.515883,
    0.454512,
    0.987413,
    0.816042,
    0.870688,
    0.425435,
    1.388391,
    0.933814,
    0.71116,
    1.032553,
    0.857767,
    0.852059,
    0.417647,
    0.940089,
    1.5491,
    0.837087,
    1.010741,
    0.979524,
    0.479436,
    0.717692
  ],
  "1048576": [
    1.293824,
    0.752732,
    1.569413,
    1.404805,
    1.762029,
    1.601023,
    0.835312,
    1.175624,
    0.795137,
    0.427215,
    0.753618,
    1.641798,
    1.348481,
    6.086659,
    0.624095,
    1.043095,
    1.019844,
    0.80607,
    0.646192,
    0.522064,
    0.419668,
    0.751688,
    1.622292,
    0.957799,
    0.60937,
    0.646219,
    0.907622
  ],
  "5242880": [
    10.998857,
    1.094102,
    0.556589,
    1.079019,
    0.924338,
    1.385901,
    0.704941,
    0.51189,
    0.883245,
    0.598062,
    1.112901,
    0.766488,
    0.704135,
    0.708523
  ]
}