{
  "all": [
    1.808803,
    2.18136,
    2.52656,
    1.004523,
    1.122325,
    2.433641,
    2.01418,
    2.411098,
    2.463354,
    1.823726,
    2.072939,
    0.685541,
    2.326303,
    2.141404,
    1.197443,
    0.765203,
    1.739861,
    5.688866,
    80.345971,
    12.833929,
    2.126958,
    1.032882,
    1.028148,
    2.593189,
    2.551442,
    2.289267,
    3.258454,
    2.547301,
    2.017281,
    5.938977,
    1.291381,
    1.492218,
    1.862159,
    1.886431,
    1.141081,
    3.346505,
    4.130276,
    8.467951,
    21.657117,
    8.805431,
    8.682142,
    12.536629,
    7.062314,
    2.63464,
    0.763938,
    1.628674,
    2.691512,
    1.593983,
    1.256569,
    0.990432,
    0.888573,
    1.233668,
    2.273947,
    1.434126,
    4.067942,
    4.776236,
    3.347545,
    13.918634,
    16.157382,
    0.842439,
    2.35242,
    0.914863,
    0.81329,
    1.596629,
    2.334564,
    1.090783,
    1.802363,
    1.902789,
    2.533963,
    2.285419,
    1.092046,
    2.036499,
    1.777312,
    3.040346,
    7.977043,
    1.618959,
    1.056775,
    1.789305,
    0.883706,
    2.829293,
    1.813854,
    1.882649,
    1.719777,
    0.85669,
    0.876519,
    1.874552,
    1.579766,
    2.301129,
    1.652202,
    5.111742,
    5.081055,
    12.935919,
    2.79884,
    8.140303,
    11.910286,
    2.629225,
    0.8626,
    1.355107,
    2.104577,
    1.909082,
    1.970477,
    1.207217,
    2.253247,
    2.160671,
    2.503775,
    1.304713,
    2.433072,
    1.06607,
    2.44314,
    1.902643,
    0.7564,
    4.84075,
    4.094506,
    3.261875,
    0.89483,
    0.695614,
    1.075362,
    2.08543,
    0.960428,
    0.841328,
    1.986583,
    2.192273,
    1.722286,
    0.782901,
    1.736129,
    2.179909,
    1.114197,
    2.433873,
    2.806007,
    2.178732,
    1.96906,
    3.157533,
    16.493717,
    4.063803,
    2.540766,
    7.326571,
    15.636395,
    1.672983,
    1.668314,
    0.652637,
    1.956698,
    2.63237,
    1.921862,
    2.420341,
    2.375109,
    0.886578,
    1.086937,
    6.414051,
    3.924277,
    22.891296,
    51.717591,
    11.667829
  ],
  "51200": [
    1.808803,
    2.18136,
    2.52656,
    1.004523,
    1.122325,
    2.433641,
    2.01418,
    2.411098,
    2.463354,
    1.823726,
    2.072939,
    0.685541,
    2.326303,
    2.141404,
    1.197443,
    0.765203,
    1.739861,
    2.126958,
    1.032882,
    1.028148,
    2.593189,
    2.551442,
    2.289267,
    3.258454,
    2.547301,
    2.017281,
    5.938977,
    1.291381,
    1.492218,
    1.862159,
    1.886431,
    1.141081,
    7.062314,
    2.63464,
    0.763938,
    1.628674,
    2.691512,
    1.593983,
    1.256569,
    0.990432,
    0.888573,
    1.233668,
    2.273947,
    1.434126,
    0.842439,
    2.35242,
    0.914863,
    0.81329,
    1.596629,
    2.334564,
    1.090783,
    1.802363,
    1.902789,
    2.533963,
    2.285419,
    1.092046,
    2.036499,
    1.618959,
    1.056775,
    1.789305,
    0.883706,
    2.829293,
    1.813854,
    1.882649,
    1.719777,
    0.85669,
    0.876519,
    1.874552,
    1.579766,
    2.301129,
    1.652202,
    2.629225,
    0.8626,
    1.355107,
    2.104577,
    1.909082,
    1.970477,
    1.207217,
    2.253247,
    2.160671,
    2.503775,
    1.304713,
    2.433072,
    1.06607,
    2.44314,
    1.902643,
    0.7564,
    0.89483,
    0.695614,
    1.075362,
    2.08543,
    0.960428,
    0.841328,
    1.986583,
    2.192273,
    1.722286,
    0.782901,
    1.736129,
    2.179909,
    1.114197,
    2.433873,
    1.672983,
    1.668314,
    0.652637,
    1.956698,
    2.63237,
    1.921862,
    2.420341,
    2.375109,
    0.886578,
    1.086937
  ],
  "1048576": [
    5.688866,
    3.346505,
    4.130276,
    8.467951,
    21.657117,
    8.805431,
    4.067942,
    4.776236,
    3.347545,
    1.777312,
    3.040346,
    5.111742,
    5.081055,
    12.935919,
    2.79884,
    4.84075,
    4.094506,
    3.261875,
    2.806007,
    2.178732,
    1.96906,
    3.157533,
    16.493717,
    4.063803,
    2.540766,
    6.414051,
    3.924277
  ],
  "5242880": [
    80.345971,
    12.833929,
    8.682142,
    12.536629,
    13.918634,
    16.157382,
    7.977043,
    8.140303,
    11.910286,
    7.326571,
    15.636395,
    22.891296,
    51.717591,
    11.667829
  ]
}