{
  "ALL": [
    [
      75.0,
      2.5
    ],
    [
      75.0,
      2.5
    ],
    [
      82.5,
      2.5
    ],
    [
      82.5,
      2.5
    ],
    [
      87.5,
      2.5
    ],
    [
      87.5,
      2.5
    ],
    [
      82.5,
      2.5
    ],
    [
      82.5,
      2.5
    ],
    [
      87.5,
      2.5
    ],
    [
      87.5,
      2.5
    ],
    [
      78.04878048780488,
      2.4390243902439024
    ],
    [
      78.04878048780488,
      2.4390243902439024
    ],
    [
      84.61538461538461,
      2.5641025641025643
    ],
    [
      84.61538461538461,
      2.5641025641025643
    ],
    [
      85.0,
      2.5
    ],
    [
      85.0,
      2.5
    ]
  ],
  "TIMEOUT": [
    [
      75.0,
      2.5
    ],
    [
      82.5,
      2.5
    ],
    [
      87.5,
      2.5
    ],
    [
      82.5,
      2.5
    ],
    [
      87.5,
      2.5
    ],
    [
      78.04878048780488,
      2.4390243902439024
    ],
    [
      84.61538461538461,
      2.5641025641025643
    ],
    [
      85.0,
      2.5
    ]
  ]
}