{
  "ALL": [
    [
      82.5,
      2.5
    ],
    [
      82.5,
      2.5
    ],
    [
      80.0,
      2.5
    ],
    [
      80.0,
      2.5
    ],
    [
      82.5,
      2.5
    ],
    [
      82.5,
      2.5
    ],
    [
      70.73170731707317,
      2.4390243902439024
    ],
    [
      70.73170731707317,
      2.4390243902439024
    ],
    [
      85.36585365853658,
      2.4390243902439024
    ],
    [
      85.36585365853658,
      2.4390243902439024
    ],
    [
      82.5,
      2.5
    ],
    [
      82.5,
      2.5
    ],
    [
      85.0,
      2.5
    ],
    [
      85.0,
      2.5
    ],
    [
      72.5,
      2.5
    ],
    [
      72.5,
      2.5
    ]
  ],
  "TIMEOUT": [
    [
      82.5,
      2.5
    ],
    [
      80.0,
      2.5
    ],
    [
      82.5,
      2.5
    ],
    [
      70.73170731707317,
      2.4390243902439024
    ],
    [
      85.36585365853658,
      2.4390243902439024
    ],
    [
      82.5,
      2.5
    ],
    [
      85.0,
      2.5
    ],
    [
      72.5,
      2.5
    ]
  ]
}